hash_id,advertisement_title,advertisement_description,ad_images
1.0011E+11,ุถุจุท ูุงุดู ุจุฑูุฏ ูฺฉุณุฏุฑ ูุฏู ธธฒณ ูพูู ุฌุฏุง ,"ุงู ุถุจุท ุฏุงุฑุง ฺฏุงุฑุงูุช ฺฉ ุณุงูู ู ููุงูุฏฺฏ ูุง ูุฎุชูู ุฏุฑ ุณุฑุชุงุณุฑ ุงุฑุงู ูุจุงุดุฏ.
ุฌุฏุฏ ุชุฑู ูุฏู ูฺฉุณุฏุฑ ุงุณุช.
ุฏุงุฑุง ุจููุชูุซ .ูพูู ุฌุฏุง ู ุดูุฏ .aux ,ุฏู ุนุฏุฏ ุฌุงฺฏุงู usb ,ุงฺุงุฑ ุุฏูุชุฑฺู ุฑุงูููุง ุฺฉูุชุฑู .ุฏุงุฑุง ูุงุจูุช ุดุงุฑฺ ฺฏูุด .ุฏุงุฑุง ณ ุฌูุช ุฌูุช ุฎุฑูุฌ ุจุฑุง ุงููพู ูุงุฑ ู ุณุณุชู ุตูุช ูู .ุง ุณ ุจุฒุฑฺฏ .ูุงุจูุช ุชูุงุณ
 
ุงุฑุณุงู ู ูพุดุชุจุงู ู ูุฑูุด ุจู ุตูุฑุช ุดุจุงูู ุฑูุฒ 
ุฏุงุฑุง ุฏุณุชฺฏุงู ฺฉุงุฑุช ุฎูุงู
 ","[[""5ba976a56b5ef7644f402a4d751a3e011be32a36_1700408547"", 999, 902, 1280, ""jpg"", [3], []], [""8a37c58bd1fc87272bd2da516972be47fa4920cb_1700408551"", 999, 1080, 1173, ""jpg"", [3], []], [""0400a035ee1a9141f168700d1151e398477a14ae_1700408555"", 999, 983, 1280, ""jpg"", [3], []], [""5e1effdbe4a20ccfbd69bae7b885f2ef9b48d229_1700408558"", 999, 977, 1280, ""jpg"", [3], []], [""646e8db9ec7efb9e9b8a636154b02386117cc85f_1700408562"", 999, 973, 1280, ""jpg"", [3], []]]"
1.0011E+11,ูพูุฏุฑ ุดุฑ ููุฒ ุฎุงูู ุง ( ูุฑุงูพุงฺูู ููุฒ ) ููููุฏู ุจุฏูู ูุงุฒ ุจู ุงุถุงูู ฺฉุฑุฏู ุดุฑ ,ุจุฑุง ุขูุงุฏู ุณุงุฒ ุงู ูุญุตูู ุงุจุชุฏุงุฏู ููุงู ุขุจ ุฎูฺฉ ูุนุงุฏู 400 ุณ ุณ ู ฺฉ ููุงู ุฎ ุฎุฑุฏ ุดุฏู ุฑุงุฑูู ูุฎููุท ฺฉู ุฑุฎุชู ู ุณูพุณ ูพูุฏุฑ ูุฑุงูพุงฺููููููุฏู ุฑุง ุจู ุงู ุงุถุงูู ูููุฏู ูุฎููุท ฺฉู ุฑุง ุฑูุดู ู ุจู ูุฏุช 30 ุซุงูู ุจุง ุฏูุฑ ุชูุฏ ูุฎููุท ููุงุฏ ,"[[""90c59c651df69c84031c155dfdee93fc5f698859_1707731644"", 999, 960, 960, ""jpg"", [3], []]]"
1.0011E+11,ูพฺฉ ุฏู ุฌูุช ฺฏูุดูุงุฑู ุนุตุง ุงุณูพุฑุงู ุขูุฒ ฺฏู ฺุฑุฎุงู ,"โ ูพฺฉ ุฏู ุฌูุช ฺฏูุดูุงุฑู ุนุตุง ุงุณูพุฑุงู ุขูุฒ ฺฏู ฺุฑุฎุงู ุฏุฑ ุฏู ุฑูฺฏ ูุดฺฉ ู ุณูุฏ ุ ฺฉุงุฑ ุจุณุงุฑ ุฒุจุง ู ุณุจฺฉ
๐ด ููุช  ูพฺฉ ฺฉุงูู ถน ูุฒุงุฑ ุชููู 
โ ุฑูฺฏ ุซุงุจุช ู ุถุฏ ุญุณุงุณุช 
โด ุจุฑูุฏ iam ุชุญุช ูุณุงูุณ ุขูุฑฺฉุง 
 
๐ฌ ุงุฑุณุงู ุจุง ูพุณุช ูพุดุชุงุฒ ุจู ุณุฑุงุณุฑ ฺฉุดูุฑ","[[""1b428111cf100b9b458722499ae7c41d6e7e3510_1704030387"", 999, 2560, 2560, ""jpg"", [3], []], [""9da017e8f3e7c5c4cc66a1588624a06d2c0ec57e_1704030395"", 999, 2560, 2560, ""jpg"", [3], []], [""699b668423c7b23d5ca389411bc70c2c81cfeaa1_1704030399"", 999, 2560, 2560, ""jpg"", [3], []], [""40a6185f32a70da10f16d787ac7b1dd30784801a_1704030405"", 999, 2560, 2560, ""jpg"", [3], []], [""08b15cfce7c484e07938b81896db7dec5b0ff16f_1704030409"", 999, 1440, 2560, ""jpg"", [3], []]]"
1.0011E+11,ุชููุฒูู ุณุงูุณููฺฏ  ณฒ ุงูฺ LED,"ุฑุงุจุท ููุดููุฏ		
ููุน ูพุงู	 ุฏูุงุฑ
ุชุนุฏุงุฏ ุจููุฏฺฏู	ุฏู ุนุฏุฏ
ฺฉูุช ุชุตูุฑ	Full HD
ุฑุฒูููุดู	1080 ร 1920
ููุน ุตูุญู	ุชุฎุช
ุชุนุฏุงุฏ ูพูุฑุช USB	ุฏู ุนุฏุฏ
ุชุนุฏุงุฏ ูพูุฑุช HDMI	 ฺูุงุฑ ุนุฏุฏ
ููุฑุงู ุจุง ูพุงู ุฏูุงุฑ (ุซุงุจุช)
ฺฉุงุฑุชู ูุฏุงุฑุฏ
ฺฏุฑูุฏู ุฏุฌุชุงู ูุฏุงุฑุฏ

","[[""7ae1315c5fd9ea71cf2798fcd4b422e4f83be95a_1654018721"", 999, 3264, 1836, ""jpg"", [3], []], [""4c9548a84059b5d1194c66f223dfefda58a0be3e_1654018771"", 999, 3264, 1836, ""jpg"", [3], []], [""f0d7bad4a537333303c64a2e6195a80d0ce35b0c_1654018851"", 999, 3264, 1836, ""jpg"", [3], []], [""f08706da8728e33bdb748de0f9b440ebac53a904_1654018890"", 999, 3264, 1836, ""jpg"", [3], []], [""eb093b10fbc5939db5b8754816726da29b5acab9_1654018943"", 999, 3264, 1836, ""jpg"", [3], []], [""acee74a05f0a68879f59c965828a46a7117fce36_1654018951"", 999, 760, 1153, ""jpg"", [3], []]]"
1.0011E+11,ุดุงููพู ุจุฏู ุดฺฉูุงุช ุจุฒ,"ุดุงููพู ุจุฏู ุดฺฉูุงุช ุจุฒ โ 300 ฺฏุฑู

ูุทุงูุช ู ุฏุฑุฎุดูุฏฺฏ ูพูุณุช
ูุฑุทูุจ ฺฉููุฏู ุนูู ูพูุณุช
ูุญุงูุธุช ุงุฒ ูพูุณุช ุฏุฑ ุจุฑุงุจุฑ ุงุดุนู ูุถุฑ ุฎูุฑุดุฏ
ุชููุช ฺฉููุฏู ูพูุณุช
ูพุดฺฏุฑ ุงุฒ ุฎุดฺฉ ูพูุณุช
ุญุงู ูพุฑูุชุฆู ูุง ูุบุฐ ูพูุณุช
ูพุฑูุงูู ุจูุฏุงุดุช: 56/11953","[[""6e868e1d5ae7d25abb13d83b6617e706089c5c73_1670697949"", 999, 600, 600, ""jpg"", [3], []]]"
1.0011E+11,ููุฑ ูพุฑฺฉุณ,"๐ููุฑ ูพุฑฺฉุณ ุฏุฑุฌู ุฏุงุฑ
๐900 ูู
๐ูุทุงุจู ุชุตูุฑ
๐ธุณุงุฎุช๐ฎ๐ท
โ๏ธ ุฌูุณ ูพุฑฺฉุณ","[[""2fab82d4330f2cc85f7eedb809d94e782fefc729_1714477855"", 999, 711, 725, ""jpg"", [3], []], [""6ad2688747536161c755a753e6be02b51ddb754c_1714477855"", 999, 718, 538, ""jpg"", [3], []], [""0b79f56190f4f6cbe8df61aeb8cad18c6db53ca4_1714477855"", 999, 720, 532, ""jpg"", [3], []]]"
10011040701,ุณู ูุฏู ฺูุจ ุฏุณุชู ุทูุง,"ุณู ฺูุจ ุฏุณุชู ุทูุง 
ุงุฑุฒูู ููู ููฺฉุณ","[[""97bbcb4f767def5022ab03d95dd14208baa3eb35_1675171960"", 999, 3120, 4160, ""jpg"", [3], []], [""09287e1faf4d226a876fec8568a3d1ecb8237fd2_1675171988"", 999, 3120, 4160, ""jpg"", [3], []]]"
1.0011E+11,ุงุฑู ุฒูุฌุฑ ุจุฑู ุงูุชูฺฉุซ ูุฏู 0603," ุทูู ุชุบู ดฐ ุณุงูุช
๐ธ ูขูขูู ูุงุช
๐ธ ธฐฐ ุฏูุฑ ุจุฑ ุฏููู
๐ธ ุณู ูพฺ ุชูุงู ูุณ
๐ธ ูุงุจูุช ุฑูุบูฺฉุงุฑ ุงุชููุงุชฺฉ
๐ธ ูุงุจูุช ุชุบุฑ ูุฒุงู ุฑูุบูฺฉุงุฑ(ุฏูุฑ ุฑูุบู)
๐ธ ฺฉูุช ฺฏุฑุจฺฉุณ ุนุงู ู ุญุฑูู ุง","[[""25fb0043c908cd9de1f9fa4be5b1167e63b5962c_1678911342"", 999, 1280, 1280, ""jpg"", [3], []]]"
1.0011E+11,ููุณุช ุทุฑุญ ูุฑุดุชู ู ูุงู ฺููพูฺฏ,๐คฉ ููุณุช ุทุฑุญ ูุฑุดุชู ู ูุงู ุงุฒ ุจุฑูุฏ ฺููพูฺฏ โจ ูฺฏูโูุง ูุฎุฑุงุฌโฺฉุงุฑ ุดุฏู ุจุฏูู ุฑุฒุด ๐ฅ ุขุจฺฉุงุฑ ูููโุงูุนุงุฏู ุจุง ฺฉูุช ๐๐ป ฺฉูุช ุณุงุฎุช ฺฉุงููุง ูุดุงุจู ููููู ุทูุง โ ฺฉุงููุงู ุถุฏ ุญุณุงุณุช โญ ุฑูฺฏ ฺฉุงููุงู ุซุงุจุช,"[[""03c1c35a27428110b5c44ae627bf5d7793289977_1717322568"", 999, 600, 800, ""jpg"", [3], []], [""5239aff790c0e4c9bb4d924bedb4793395070252_1717322569"", 999, 800, 800, ""jpg"", [3], []], [""d3cf892927873db63563bcfdb39de9828976bbcc_1717322570"", 999, 800, 800, ""jpg"", [3], []], [""99d4def2725b5652e09c457bf4cc802fbaf4c305_1717322571"", 999, 800, 800, ""jpg"", [3], []]]"
1.00111E+11,ููุฒู ฺฏูุด ู ุจู ู ุฎุท ุฒู  ูุฏู PH-3002,"ุงุฑุณุงู ุณุฑุน ุฏุฑ ฺฉูุชุฑู ุฒูุงู
ุจุงุฎุงู ุฑุงุญุช ุฎุฑุฏุชูู ุฑู ุงูุฌุงู ุจุฏุฏ 
ฺูู ููุฌูุฏู ู ูุงุฒ ูุณุช ุงุณุชุนูุงู ููุฌูุฏ ุจฺฏุฑุฏ","[[""cd45ab92169d62ede95f40e9d02c4d605e9d4165_1689868830"", 999, 800, 800, ""jpg"", [3], []]]"
1.00111E+11,ุฎูุดุจู ฺฉููุฏู ุจุฏู ฺฉูุฏฺฉุงู ุฏุงฺฉูุชุง ฺฉุฏ 03 ุญุฌู 150 ูู ูุชุฑ,"ุจุงุฏ ุงุณูพูุด ุฏุงฺฉูุชุง
ุฏุงุฑุง ุฑุงุญู ููุงู ู ุฎูุดุจู ู ูุงูุฏฺฏุงุฑ
ุจุฏูู ุงูฺฉู
ุถุฏุชุนุฑู
ูุงูุฏฺฏุงุฑ ุจุงูุง
ุถุฏ ุญุณุงุณุช
ููุงุณุจ ฺฉูุฏฺฉุงู 
ุฏุงุฑุง ุณุจ ุณูุงูุช ุงุฒ ุณุงุฒูุงู ุบุฐุง ู ุฏุงุฑู
ุดูุงุฑู ุจูุฏุงุดุช : 43/11881
ุทุฑูู ูุตุฑู : ูุจู ุงุฒ ูุตุฑู ุจุฎูุจ ุชฺฉุงู ุฏูุฏ. ูพุณ ุงุฒ ุงุณุชุญูุงู ุฑู ูพูุณุช ูุฑุทูุจ ุงุณูพุฑ ุดูุฏ.","[[""8b1bb4d5e8242de5c0c71d197554e475a99aedaa_1712756180"", 999, 3000, 3000, ""jpg"", [3], []], [""ad16abe2c6128704486052ab08cf506981a3aee7_1712756180"", 999, 3000, 3000, ""jpg"", [3], []], [""7552994fd316ddc4fd98dd45517718bd9f497e9a_1712756199"", 999, 3000, 3000, ""jpg"", [3], []]]"
1.00111E+11,ุดูุน ุจุณุงุฑ ุดฺฉ ู ุฒุจุง ูุฎุตูุต ููุช ุณู,"ุจุณุงุฑ ุดฺฉ ู ุฒุจุง ูู ูู
น ุชฺฉู
ุณู ฺฏู ฺฉูฺฺฉ ุดูุงูุฑ ุฑู ุขุจ ูุณุชูุฏ
ูุฎุตูุต ููุช ุณู
ูุฑูุฒู ุง ุทูุง","[[""f19ef815bb6686a37050a4ee1ae8f3de91791e54_1645027442"", 999, 2209, 2961, ""jpg"", [3], []], [""53505964fd619bfe0c4347a609af0e14498a1843_1645027457"", 999, 2155, 2170, ""jpg"", [3], []], [""eb7aff3083315e3072d0229fc9d2551949b7d96c_1645027469"", 999, 2255, 2413, ""jpg"", [3], []]]"
1.00111E+11,ุฏุณุชฺฏุงู ูพููุด ุงูุชูฺฉุซ ฺฉุฏ GHR53,"ูุฏุฑุช	1000 ูุงุช
ูุทุฑ ุฏุณฺฉ	125 ูููุชุฑ
ุงุจุนุงุฏ ุฏุณุชฺฏุงู	22*22*125 ุณุงูุช ูุชุฑ
ูุงุจูุช ูพููุด ู ุณูุจุงุฏู	 ุฏุงุฑุฏ
ูุฒู	1.5 ฺฉููฺฏุฑู
ููุงุฒู ููุฑุงู	ูพุฏ ฺุณุจ ูพููุดุ ูพุฏ ูพูุณุช ูพููุด ู ุขฺุงุฑ ุชุนูุถ","[[""70800af85b25b03adef6a4bb0121654b01213b75_1677747429"", 999, 1280, 1280, ""jpg"", [3], []]]"
1.00111E+11,ุดุงุฑฺุฑ ูุงุฑูุณยHuawei CP60 15W Wireless Charger ุขฺฉุจูุฏ,"ุจุง ุณูุงู ุฎุณุชู ูุจุงุดุฏ ุดุงุฑฺุฑ ูุงุฑูุณ ููุงู ุขฺฉุจูุฏ ุงุฒ ููุฏู ุงูุฑุฏู
ูุดุฎุตุงุช ุดุงุฑฺุฑ ูุงุฑูุณ:
ูุงุจูุช ุดุงุฑฺ ุจุง ุชูุงู 15 ูุงุช
ุดุงุฑฺ ุจุง ุดุฏุช ุฌุฑุงู 5V=2A
ุงุจุนุงุฏ : 14*84 ูู ูุชุฑ
ูุฒู : 79 ฺฏุฑู
ุงุจุนุงุฏ: 14*84 ูู ูุชุฑ
ููุชุงฺ ูุฑูุฏ: 5 ููุช
ููุชุงฺ ุฎุฑูุฌ: 5 ููุช
ุดุฏุช ุฌุฑุงู ุฎุฑูุฌ: 5V=2A
ุณุงุฑ ุชูุถุญุงุช: ุณุงุฒฺฏุงุฑ ุจุง ุชูุงู ฺฏูุดโูุง ููุจุงู ฺฉู ุฏุงุฑุง ุงุณุชุงูุฏุงุฑุฏ Qi ูุณุชูุฏ
ููุน ุฏุฑฺฏุงู ุฎุฑูุฌ: ุจ ุณู - ูุงุฑูุณ Wireless
ุงู ุดุงุฑฺุฑ ูุงุฑูุณ ุฏุงุฑุง ุชูุงู 15 ูุงุช ุจูุฏู ู ููู ุงูุฑ ุจุงุนุซ ุดุฏู ุชุง ุจุชูุงูุฏ ฺฏูุด ูุง ุฏุงุฑุง ููุงูุฑ qi ุฑุง ุจุง ุดุฏุช ุฌุฑุงู ู ููุชุงฺ 5V-2A ุดุงุฑฺ ฺฉูุฏ ฺฉู ุณุฑุนุช ุจุงูุง ุจุฑุง ุดุงุฑฺุฑ ูุงุฑูุณ ูุญุณูุจ ู ุดูุฏ.ุงู ุดุงุฑฺุฑ ูุงุฑูุณ ุงูุฑฺ ููุฑุฏ ูุงุฒ ุฎูุฏ ุฑุง ุงุฒ ุทุฑู ูพูุฑุช Type-C ุฏุฑุงูุช ูฺฉูุฏ
 ุฌูุณ ุจุฏูู ุงู ูุญุตูู ุงุฒ ูพูุงุณุชฺฉ + ABS ู ูุชุฑุงู PC ุจูุฏู ฺฉู ููุงููุช ุจุงูุง ุฏุฑ ุจุฑุงุจุฑ ุถุฑุจู ู ูุดุงุฑ ุฏุงุฑุฏ.
.ุฏุฑ ุทุฑุงุญ ุงู ูุญุตูู ุงุฒ ฺฉ ฺูพุณุช ููุดููุฏ ุงุณุชูุงุฏู ุดุฏู ฺฉู ุงุฒ ุจุงุชุฑ ฺฏูุด ุดูุง ุฏุฑ ุจุฑุงุจุฑ ููุณุงูุงุช ุดุฏุช ุฌุฑุงู ู ... ูุญุงูุธุช ู ฺฉูุฏ ุชุง ูฺฺฏููู ุขุณุจ ุจู ุจุงุชุฑ ูุงุฑุฏ ูุดูุฏ.ฺุฑุงุบ ูุฑุงุฑ ฺฏุฑูุชู ุฏุฑ ุญุงุดู ุงู ูุญุตูู ุฎุจุฑ ุงุฒ ุณูุงูุช ุดุงุฑฺ ู ุฏูุฏ.","[[""4ab40538894399e4f5a5456677e44f427256875a_1671431406"", 999, 9000, 12000, ""jpg"", [3], []], [""3cacc3fc3645b32a18e3f536c6df565b5643d67c_1671431473"", 999, 9000, 12000, ""jpg"", [3], []], [""457818bdd91745ed58d2bc5aed883ac3cdfbdf18_1671431541"", 999, 9000, 12000, ""jpg"", [3], []], [""7b62827872c92e3b5d634c10093da44c76acd8e7_1671431634"", 999, 9000, 12000, ""jpg"", [3], []], [""9abd06df11e7cf9631c1daeaf81106abba752b64_1671431711"", 999, 9000, 12000, ""jpg"", [3], []], [""2ce2c39a1ec6e3b47e7588d9341c90ebccccb0f2_1671431798"", 999, 9000, 12000, ""jpg"", [3], []], [""9dfe9841a2f75065ece04ca2aaa9663775df60fb_1671431872"", 999, 9000, 12000, ""jpg"", [3], []], [""2e622cc2e41f02ed38c72c91fe72a70aeacbb0a2_1671431944"", 999, 9000, 12000, ""jpg"", [3], []], [""61213be93c1ab30b9463993c96f79bbf25185d9f_1671432008"", 999, 9000, 12000, ""jpg"", [3], []]]"
1.00111E+11,ฺู ุขุจุฑุณุงู ุณุงู ุงุณฺฉู ูุฏู aqua ุญุฌู 75 ูู ูุชุฑ,"ููุงุณุจ ุจุฑุง ุงููุงุน ูพูุณุช

ุชุงูู ู ุญูุธ ุฑุทูุจุช ูพูุณุช

ุฏุงุฑุง ุฑูุบู ุขูุชุงุจฺฏุฑุฏุงู ู ุฑูุบู ุฌูุฌูุจุงุ ุจูุณุฑุขูุฏ ู ูุงุณู ุขูุฏ

ุถุฏฺุฑูฺฉ

ุจุฑุง ฺู ฺฉุณุงู ููุงุณุจ ุงุณุช:

ุงู ูุญุตูู ุจุฑุง ุชูุงู ุงูุฑุงุฏ ุจุง ูุฑ ููุน ูพูุณุช ููุงุณุจ ุจูุฏู ู ูุงุจู ุงุณุชูุงุฏู ุงุณุช.","[[""09877f72ae93b3282834884d2ff2839c88ff9e50_1700215504"", 999, 1000, 1000, ""jpg"", [3], []]]"
1.00111E+11,ฺฉุฑู ต ุนุฏุฏ meidian,ูุฑ ุจุณุชู ฺฉุฑู ุฏุณุช ต ุนุฏุฏ ุญุงู ูพูุฌ ฺฉุฑู ุจุง ุฑุงุญู ูุง ูุฎุชูู ุจุงุจููู ุ ฺฏู ุตุฏุชููุงู ุ ุฑุฒ ุ ุดฺฉููู ฺฏูุงุณ ู cuckoo ูุณุช ฺฉู ููู ุฎูุดุจู ู ุฏูุณุช ุฏุงุดุชู ูุณุชู ุงุจุนุงุฏ ฺฉุฑู ูุง ุทูุฑู ฺฉู ุจุฑุง ุชู ฺฉู ุนุงูู ุขุจุฑุณุงู ู ุฑุทูุจุช ุฑุณุงู ุฎูุจ ุฏุงุฑู ู ุญุณุงุจ ุจุง ฺฉูุชู ุณุงุฎุช ฺู ูุฒู 30g ร5,"[[""aefcafa05dac24e5f21cac2b93686abf675c4dac_1722170042"", 999, 2250, 4000, ""jpg"", [3], []]]"
1.00111E+11,ุณุงูุณููฺฏ A14  ุจุง ุญุงูุธู 64 ุฑู 4,"ุณุงูุณููฺฏ A14 
64 ฺฏฺฏ 
4 ุฑู
ูุชูุงู
ูุฑูุด ุจู ุตูุฑุช ููุฏ ู ุงูุณุงุท
ุงูุณุงุท ุจุฏูู ูุงุฒ ุจู ุถุงูู 
ุงูฺฉุงู ูุฑูุด ุงูุณุงุท ุจู ุงุฑููู ุงูฺฉุงู ูพุฐุฑ ุงุณุช
ูุฑูุด ููุฏ ุจู ุณุฑุงุณุฑ ุงุฑุงู 
ุชูุงู ฺฉุงูุงูุง ุฏุงุฑุง 18 ูุงู ฺฏุงุฑุงูุช 
ุจู ุฏูู ููุณุงูุงุช ุจุงุฒุงุฑ ูุจู ุงุฒ ุฎุฑุฏ ุจุง ุดูุงุฑู ููุฑุงู ุซุจุช ุดุฏู ููุงููฺฏ ุจุงุดุฏ
ุงูุฏูุงุฑู ุชุฌุฑุจู ุฎูุจ ุงุฒ ุฎุฑุฏุชูู ุฏุงุดุชู ุจุงุดู","[[""849dbbc8d7f32e124cb22793d542e8b7c9a6d96e_1700987782"", 999, 500, 500, ""jpg"", [3], []]]"
1.00111E+11,ฺฉููพุณ ูู,"๐ฺฉููพุณ ุงููุงู ุฏู ฺฏู ุฏุฑุฌู ฑ
๐ุฑูฺฏ ูุฑูุฒุ ูุงุฑูุฌุ. ุขุจ ููุฌูุฏ 
ุณุงุฒ ุจุฒุฑฺฏ 
ุดุงุฑฺ ูุฌุฏุฏ๐
๐ููุช:ย10/000ุชููู

๐ุจุงูุงุดฺฉ ู ุฎุงุต ุจูพูุดุฏ๐
๐ูุฑูุด ุญุถูุฑ ู ุขููุงู ุฏุงุฑู

","[[""6836a663aec4b87466861083534bbf391fc89de0_1703054161"", 999, 817, 1280, ""jpg"", [3], []]]"
1.00111E+11,ุงุชู ุจุฎุงุฑ ูุณุงูุฑุช ูููุง ูุฏู 2002,"ุงุชู ูุณุงูุฑุช 
ุจุณุงุฑ ุจุง ฺฉูุช ","[[""bc89e78a53ddc05e2bc91fc64d44c3b9028b5ec3_1691308596"", 999, 600, 600, ""jpg"", [3], []]]"
1.00111E+11,ุชูุณุงู ูุณ ุฌุฏุฏ ฒฐฑด,"ูุณ ุฌุฏุฏ ุจุงฺฏุฑูฺฉู ู ุง ุงุณ ูพ ุูุงูุชูุฑ ู ฺฉูุฑุจูุฏ ุณููุุุ
ููุฏ ูุฑุจุงู","[[""32fe0eb70a08225e9810defa7a8b2c822543349e_1709380555"", 999, 2180, 1634, ""jpg"", [3], []], [""b59e56952703258599fa69e78424f4aea329e713_1709380563"", 999, 2180, 1634, ""jpg"", [3], []], [""34db72e973e33fd0a397f3b6cefe9abb490b3c9c_1709380564"", 999, 2180, 1634, ""jpg"", [3], []], [""1c19a5798251ba8b14677ce6f800f9516e407925_1709380570"", 999, 4032, 3024, ""jpg"", [3], []]]"
1.00111E+11,ุฏูุงุณูุฌ ูุญุท ูุฏู ฺูุจ ุฌูู ุง,"ุฏูุงุณูุฌ ูุญุท ฺูุจ


ุชฺฉ ูุฑูุด 20000

","[[""f8f82e0c67e66a4c2050716bbc7be973e21fe4f8_1726493964"", 999, 577, 903, ""jpg"", [3], []], [""fa8a98a5db8f8c8f67d76e77cf4e7caef33fa407_1726493964"", 999, 336, 978, ""jpg"", [3], []]]"
1.00111E+11,ฺฏูุด ููุจุงู ุดุงุฆูู ูุฏู Redmi A1 plus ุฏู ุณู ฺฉุงุฑุช ุธุฑูุช 32 ฺฏฺฏุงุจุงุช ู ุฑู 2 ฺฏ...,ููุจุงู ุดุงุฆูู ูุฏู Redmi A1 plus ุฏู ุณู ฺฉุงุฑุช ุธุฑูุช 32 ฺฏฺฏุงุจุงุช ู ุฑู 2 ฺฏฺฏุงุจุงุช.ุขฺฉุจูุฏ ู ุฑุฌุณุชุฑ ุดุฏู.ุจุง ุถูุงูุช ูุงูู ูุฏุง ูพุฑุฏุงุฒุด ,"[[""b5854d00da1f7914ad2acfbcb0d2a9d8a3ece7c3_1686594258"", 999, 720, 835, ""jpg"", [3], []]]"
1.00111E+11,ุณุงุนุช ููุดููุฏ ุณุงูุณููฺฏ ุงฺฉุชู 2ูุฏู Galaxy Watch Active2 44mm,"ุฏุงุฑุง ูุดุงุฑ ุณูุฌ .ููุงุฑ ููุจ.ุงุณุชุฑุณ ุณูุฌ.ุถุฑุจุงู ููุจ.ุชูุงู ุงูฺฉุงูุงุช ู ECGฺฉุงููุง ู ุจุณุงุฑ ุฏูู ฺฉุงุฑู ฺฉููุฏ ู ุฏุฑ ูุบุงุฒู ูู ุชุณุช ู ุดูุฏดธ ุณุงุนุช ุญู ุชุณุช ุฏุงุฑุฏุฏุฑ ุญุฏ ูู ู ุจุณุงุฑ ุชูุฒ .ุจู ููุฑุงู ูุญุงูุธ ฑฐฐูุฒุงุฑ ุชููุงู 
ุงู ุณุงุนุช ููุดููุฏฺฉู ุงุณุชูุงุฏูโ ุฑูุฒูุฑู ู ูุฑุฒุด ุฏุงุฑุฏุ ุจุงุนุซ ูโุดูุฏ ุจุชูุงูุฏ ุงุฒ ุขู ุฏุฑ ุชูุงู ูุญุธุงุช ุฑูุฒ ุงุณุชูุงุฏู ฺฉูุฏุจุงุชูุฌู ุจู ุทุฑุงุญ ุงุณูพูุฑุช ุงู ุณุงุนุชุ ุงุณุชูุงุฏูโ ุขู ุจุฑุง ุฎุงููโูุง ู ุขูุงุงู ููฺฉู ุงุณุช. ุตูุญูโููุงุด ุงู ุณุงุนุช 44 ููโูุชุฑ ุงูุฏุงุฒูโุง 1.4 ุงูฺ ุฏุงุฑุฏ ูุจุฑุง ุณุงุฎุช ุขู ุงุฒ ููุงูุฑ ุณููพุฑ ุงูููุฏุงุณุชูุงุฏู ุดุฏู ุงุณุช ุฑุฒูููุดู ุตูุญูโููุงุด 360*360 ูพฺฉุณู ุงุณุช ูุชุตูุฑูุงุถุญ ู ุดูุงู ุฑุง ุจู ููุงุด ูโฺฏุฐุงุฑุฏุงู ุณุงุนุช ุฏุงุฑุง ุญุณฺฏุฑูุง ูุชููุน ุงุณุช ฺฉู ุจุงุนุซ ูโุดูุฏ ุจุชูุงูุฏูุนุงูุชโูุง ุฑูุฒุงููโ ุฎูุฏ ุฑุง ุจูโุฑุงุญุช ุงูุฏุงุฒูโฺฏุฑ ฺฉูุฏุงู ุญุณฺฏุฑูุง ุดุงูู ุดุชุงุจโุณูุฌุ ฺุฑูุณฺฉููพุ ุงูฺฉุชุฑูฺฉุงุฑุฏูฺฏุฑุงูุ ูุดุงุฑุณูุฌุ ุณูุณูุฑ ููุฑ ูุญุท ู ุดูุงุฑุด ุถุฑุจุงู ููุจ ูุณุชูุฏุจุง ุจูโููุฑุงูโ ุฏุงุดุชู ุงู ุณุงุนุช ุฎุงูุชุงู ุจุงุจุช ุชูุงู ูุณุฆููุชโูุง ฺฉู ุฏุฑุทูู ุฑูุฒุฏุงุฑุฏุฑุงุญุช ูโุดูุฏ ูุงุจูุช ุถุฏุขุจ ุงู ุณุงุนุช ุจุงุนุซ ูโุดูุฏ ุจุชูุงูุฏ ุงุฒ ุขู ุฏุฑ ุดูุง ฺฉุฑุฏู ุงุณุชูุงุฏู ฺฉูุฏ","[[""be03e33af6277e5045ced970ccdd6b5eef973d65_1638778524"", 999, 486, 1080, ""jpg"", [3], []], [""742a933bb9f01e5872d75adbfeac6dc6849b5db3_1638778540"", 999, 486, 1080, ""jpg"", [3], []], [""7d6738f6152a930f2c8671050a6c4b5c0c1619b7_1638778545"", 999, 486, 1080, ""jpg"", [3], []], [""78a6692ba27681c348b48f61d67635a877180176_1638778552"", 999, 486, 1080, ""jpg"", [3], []], [""42fd20092989c24d8e740f629d3f143a7689bb9d_1638778557"", 999, 486, 1080, ""jpg"", [3], []], [""132ff85a3bf2ff51e6aec34ce872c9773b08625e_1638778601"", 999, 810, 1080, ""jpg"", [3], []], [""16963271b8e7b5e3baa95ac9d19ee583debc3c85_1638778648"", 999, 810, 1080, ""jpg"", [3], []], [""bb034b95adc3ba8fe74178cf1eec344323c53fda_1638778652"", 999, 486, 1080, ""jpg"", [3], []]]"
1.00111E+11,ฺฏูุด ููุจุงู ุณุงูุณููฺฏ ูุฏู Galaxy A04s ุฏู ุณู ฺฉุงุฑุช ุธุฑูุช 64 ฺฏฺฏุงุจุงุช ู ุฑู 4 ฺฏฺฏ...,"ุณุงุฎุช ููุฏ
ฺฉุงููุง ุขฺฉุจูุฏ
ุฑุฌุณุชุฑ ุดุฏู
ูุฌุฏู ูุงู ฺฏุงุฑุงูุช ุดุฑฺฉุช ","[[""bb936e3c7e9a24c9378f6d8600fbe76cb8f4f4cd_1683136924"", 999, 1079, 1468, ""jpg"", [3], []]]"
1.00111E+11,ฺฉูุณูู ุจุงุฒ ูพุฑุชุงุจู ุฏุณุช Controller GamePad ูุฏู S10,"ุจุงุฒ ุงูฺฉุชุฑููฺฉ ุฏุณุช Controller GamePad ุฏุงุฑุง 520 ุจุงุฒ ุฌุฐุงุจ ู ุณุฑฺฏุฑู ฺฉููุฏู ู ููุณุชุงููฺ ู ุจุงุดุฏ . ุงู ฺฉูุณูู ุฏุงุฑุง ุจุงุชุฑ ูุชูู BL-5C ุทุฑุงุญ ุดุฏู ุชุง ูุฎุงุทุจ ุจุชูุงูุฏ ุฏุฑ ุตูุฑุช ฺฉู ุจุงุชุฑ ุงู ฺฉูุณูู ูุนูุจ ุดูุฏ ุฑุงุญุช ุชุฑ ุงู ุจุงุชุฑ ุฑุง ุฏุฑ ุจุงุฒุงุฑ ูพุฏุง ฺฉููุฏ . ุงู ุจุงุชุฑ ุฏุงุฑุง ุธุฑูุช 1200 ูู ุขููพุฑ ู ูุงุจู ุดุงุฑฺ ู ุจุงุดุฏ .
520 ุจุงุฒ ฺฉูุงุณฺฉ ุฏุฑ ฺฉ ุฏุณุชู
ุตูุญู ููุงุด 3 ุงูฺ
ูพูุณุชู ุจุฑูู ุทุฑุญ ุฏุณุชู ุจุงุฒ
ูุงุจูุช ุงุชุตุงู ุจู ุชููุฒูู
ุงู ฺฉุงูุณูู ุจุงุฒ ุจุง ุงุฏู ฺฏุฑูุชู ุงุฒ ุฏุณุชู ุจุงุฒ ูพู ุงุณุชุดู ุณุงุฎุชู ุดุฏู ู ุฑู ุขู ฺฉ ูุงูุชูุฑ 3 ุงูฺ ุทุฑุงุญ ุดุฏู ุ ุจู ููุฑุงู ฺฉูุณูู ฺฉ ุจุงุชุฑ 3.7 ููุช ูุชูู ูุฌูุฏ ุฏุงุฑุฏ . ุงู ุจุงุชุฑ ุจุง ุธุฑูุช 1200 ูู ุขููพุฑ ู ุชูุงูุฏ ุชุง ุณุงุนุชูุง ุดูุง ุฑุง ุณุฑฺฏุฑู ฺฉููุฏู ุงุฒ ุฌููู ุจุงุฒ ูุง ูุนุฑูู ุงู ฺฉูุณูู ุจุงุฒ ุฑุง ู ุชูุงู ุจู ุงููุงุน ุณููพุฑ ูุงุฑู ูุง ุ ฺฉูุชุฑู ุ ูพฺฉ ูู ุ ุงุณุชุฑุช ูุงุชุฑ ู โฆ ุงุดุงุฑู ฺฉุฑุฏ . ุงู ฺฉูุณูู ุจุงุฒ ุงูฺฉุงู ุงุชุตุงู ุจู ุชููุฒูู ุฑุง ูุฒ ุฏุงุดุชู ู ุดูุง ู ุชูุงูุฏ ุจู ฺฉุงุจู ฺฉู ุฏุฑูู ฺฉูุณูู ุงุณุช ุขู ุฑุง ุจู AVI ุชููุฒูู ูุชุตู ฺฉุฑุฏู ู ุจู ุฌุง ุชุตูุฑ ุฑู ูุงูุชูุฑ ุฎูุฏ ุฏุณุชู ุขู ุฑุง ุฑู ุชููุฒูู ุงุณุชูุงุฏู ฺฉูุฏ . ููฺูู ุงู ฺฉูุณูู ูุงุจูุช ุดุงุฑฺ ูุฌุฏุฏ ุฑุง ูุฒ ุฏุงุฑุฏ .","[[""e9771a310c3d6aa18689c3f4e64615064ebb9623_1719216350"", 999, 800, 800, ""jpg"", [3], []]]"
1.00111E+11,ุณุงุนุช ุนูุฑุจู ุง ุฒูุงูู ู ูุฑุฏุงูู,"ุจุฏูู ูฺ ฺฏููู ุงุณุชูุงุฏู 
ุงุฒ ุฌุนุจู ุจุฑูู ุงูุฑุฏู ูุดุฏู 
ฺฉูุช ุนุงู 
ุณู ููุชูุฑู 
ุจุณุงุฑ ุดฺฉ ู ูุฌูุณ ู ุฑุณู ","[[""1fda93adc8997f7a277d681d97fad786c3de8197_1649435543"", 999, 2080, 2080, ""jpg"", [3], []]]"
1.00111E+11,ููุฒู ฺฉุงุณู ุฏุงุฑ ููููุฏ (NEW LAND) ูุฏู NL-2537B,ุจู ุขุดูพุฒุฎุงููโ ุฎูุฏ ฺฉ ุฏุณุชุงุฑ ูุฏุฑุชููุฏ ุจุงูุฒุง! ุชูุงู: ดฐฐ ูุงุชุ ูุงุจูุช ุชูุธู ุณุฑุนุช: ุฏุฑ ฑฒ ุณุทุญุ ุฏุงุฑุง ุฏฺฉูู ุชูุฑุจูุ ููุน ฺฉุงุณู: ุงุณุชู ด ูุชุฑุ ุชุนุฏุงุฏ ุณุฑ: ด ุนุฏุฏุ ุฏุงุฑุง ุณุฑ ุฎูุฑุฒูุ ุฏุงุฑุง ูพุงู ุถุฏ ูุบุฒุด. ุงู ููุฒู ูโุชูุงูุฏ ููุฑุงู ููุงุฏุงุฑ ุดูุง ุฏุฑ ุชููโ ุงููุงุน ุดุฑูุ ฺฉฺฉ ู ฺฉูฺฉโูุง ุจุงุดุฏ.,"[[""90d6f079db9783f0646896b7d314f53a9b29f5e4_1717600192"", 999, 723, 1024, ""jpg"", [3], []], [""aed1ded135d6ceec95f770442f73e006e54b6077_1717600193"", 999, 1920, 2560, ""jpg"", [3], []]]"
1.00111E+11,ููุด ูููุฑ ุง ุฏุชุง ูุฏู DashDrive UV150 ุธุฑูุช 128 ฺฏฺฏุงุจุงุช,"ููุน ููุด ูููุฑ
ุณุงุฏู

ุงุจุนุงุฏ
58x18x10 ููโูุชุฑ

ูุฒู
9 ฺฏุฑู

ุฌูุณ ุจุฏูู
ูพูุงุณุชฺฉ

ุฑุงุจุทโูุง
USB 3.0","[[""963ba4d9e66a1cbd8e16414dae83a34b6b25ea6a_1722938234"", 999, 400, 400, ""jpg"", [3], []], [""821aed3b2465918c2f8e7129ad43927ba18dc8d6_1722938235"", 999, 800, 800, ""png"", [3], []]]"
1.00111E+11,ฺฉูุด ูุฌูุณ ูพุงุดูู ุจููุฏ ุดฺฉ ู ูุงฺฉฺุฑ ุจุง ุฑูฺฏุจูุฏ ๐,"๐ก
ฺฉูุด ูุฌูุณ ูพุงุดูู ุจููุฏ
ุดฺฉ ู ูุงฺฉฺุฑ ุจุง ฺฉูุช ุนุงู
ู ูฺฏููุง ุชุฑฺฉู ุง ฺฉู ุฌุฐุงุจุชุด ุฑู ฺูุฏู
ุจุฑุงุจุฑ ฺฉุฑุฏู๐โค๏ธ

ูพุงุดูู ฑถ ุณุงูุช
ูฺ ถ ุณุงูุช

ุจุงูู๐

๐ด 36/37/38/39/40

๐จ ุฑูฺฏุจูุฏ ุฒุจุง 

ููุช ถดธููู ุชููุงู

ุงุฑุณุงู ูพุณุช ุจู ุณุฑุงุณุฑ ุงุฑุงู ดูููู ุชููุงู

๐ ูพุงุณุฎฺฏู ุงุฒ ุทุฑู ฺุช ูพูุฏู

ุฎุฑุฏ ุญุถูุฑุ ุชุฎููุ ูพุฑุฏุงุฎุช ุฏุฑุจ ููุฒู ูุฏุงุฑูโ","[[""5fa244c506ea090a0ef857b91f5a0652b1b2d6ce_1706707215"", 999, 1080, 1402, ""jpg"", [3], []], [""95ef2b0bab7abb64f5b86af9c75b7e89e10a2090_1706707220"", 999, 1080, 1412, ""jpg"", [3], []], [""05b093c979fab09e0f0bf5d25fb5ccb4573ffb43_1706707226"", 999, 1080, 1441, ""jpg"", [3], []], [""56a55c4cdf6144483622fb6cde8a24741d73f2b0_1706707233"", 999, 1080, 1410, ""jpg"", [3], []], [""df2a6fbfc2970a96a1136638fb5a0c37ef7d0e2a_1706707244"", 999, 1080, 1404, ""jpg"", [3], []], [""307e75265e588ceed6051346c1d7ac6a434d347c_1706707253"", 999, 1080, 1400, ""jpg"", [3], []]]"
1.00111E+11,ุณุทู ุฒุจุงูู ุญุตุฑ ุขุฑูู ูุฏู ุฌูุงู ุณุงุฒ ฺฉูฺฺฉ,ุณุทู ุฒุจุงูู ุญุตุฑ ุฏุฑุจ ุฏุงุฑ ุฑุฒ ุจุงูุช ู ุฏุณุชุจุงูุช,"[[""ee7d06e01dc1cea78ac681481c700fb3187c2a29_1675768523"", 999, 512, 512, ""jpg"", [3], []]]"
1.00111E+11,ุงููุงุน ูุงุณุชฺฉ ฺู ู ฺฉุฑู ุง,"ูุฑูุด ุงููุงุน ูุงุณุชฺฉ
ุฒุฑ ููุช ุจุงุฒุงุฑ 
ุจู ุตูุฑุช ุนูุฏู","[[""b1512aa8bda3909848337bead6dbd5b20034828e_1690649781"", 999, 1080, 1310, ""jpg"", [3], []]]"
1.00111E+11,ููุณุชุฑ 8 ุดุงุฎู ุฏูุจู ุจุฑูุฒ ูุฏู ูพุงูุฐ,ููุณุชุฑ ุชูุงู ุจุฑูุฒ ุจุง ูุงูู ูุง ู ฺฉุฑุณุชุงู ูุง ูุงุฑุฏุงุช ุฏุฑุฌู1,"[[""3925968b8fef79de4f54d897edcbabfd25223d4d_1672582607"", 999, 1080, 1080, ""jpg"", [3], []], [""5daeb87a221e8febc71de9d3f3896e0ad0ff3867_1672582607"", 999, 1080, 1080, ""jpg"", [3], []]]"
1.00111E+11,ฺฏูุด ููุจุงู ุณุงูุณููฺฏ ูุฏู Galaxy A34 5G ุฏู ุณู ฺฉุงุฑุช ุธุฑูุช 128 ฺฏฺฏุงุจุงุช ู ุฑู 8 ฺฏฺฏุงุจุงุช,"a34 ุงุฑุณุงู ููุฑ  ูุทูุงุจู ุฏูู ููุณุงูุงุช ููุช  ูุจู ุงุฒ ุซุจุช ุฎุฑุฏ ุงุณุชุนูุงู ููุช ฺฉูุฏ 
5g
128 ุฑู 8
","[[""ef377a0b33ec6609bdd0c392a8581b305d6916a6_1716752651"", 999, 1080, 2340, ""jpg"", [3], []], [""caf17a2f8326984cf1e6a5129ae0f463d37a2f64_1716752651"", 999, 1080, 2340, ""jpg"", [3], []], [""3b94780ddd6763a9f1fda77336fdc2b040b4ae22_1716752651"", 999, 1080, 2340, ""jpg"", [3], []]]"
1.00111E+11,ุชููุฒูู ุงู ุง ุฏ ููุดููุฏ ุฏูู ตต ุงูฺ ูุฏู DSL-55S7100EU,"ุจุฑูุฏ

ุฏูู

 

ุณุงุฒ

ตต ุงูฺ

 

ุฑูฺฏ

ููฺฉ ูุฏุงุฏ

 

ุถูุงูุช

ุงูุชุฎุงุจ ุณุฑูุณ

 

HDR

ุฏุงุฑุฏ

 

ููุน ุตูุญู

LED

 

ุงุณุชุงูุฏุงุฑุฏ ุตูุช

DOLBY DIGITAL

 

ุชฺฉููููฺ ุตูุญู

UHD

 

ุชูุงู ฺฉู ุตุฏุง

ณฐ ูุงุช

 

ฺฏุฑูุฏู ุฏุฌุชุงู

ุฏุงุฑุฏ

 

ุฑุงุจุท ููุดููุฏ

ุฏุงุฑุฏ

 

ูพุฑุฏุงุฒูุฏู

ฺูุงุฑ ูุณุชูโุง

 

ุญุงูุธู ุฏุงุฎู

ธ ฺฏฺฏุงุจุงุช

 

ุฏุฑฺฏุงู ูุง HDMI

ณ ุนุฏุฏ

 

ุฏุฑฺฏุงูโูุง USB

ฒ ุนุฏุฏ

 

ุณุงุฑ ูฺฺฏ

ูุงุจูุช ุงุชุตุงู ุจ ุณู ุ ฺฏุฑูุฏู ุฏุฌุชุงู ูู ุฏุงุฎู ุ ฺฏุฑูุฏู  ุฏุฌุชุงู ูุณู ุณูู ุูุงุจูุช ุถุจุท ุจุฑูุงูู ูุง ุชููุฒูู ุูุฌูุฒ ุจู ุฑุงุจุท ฺฉุงุฑุจุฑ ุงุฎุชุตุงุต ูููุง ุจุง ูุงุจูุช ุงุฌุฑุง ูุฑุงูู ุตูุช ูุงุฑุณุุจุฑูุงูู ูุงุดู ุฒูุงูุุฏุงุฑุง ุฑููุช ููุดููุฏ ุฌุฏุฏ(ุงุชุตุงู ุจุง ุจููุชูุซ) ุฏุงุฑุง 24 ูุงู ุถูุงูุช ุงูุชุฎุงุจ ุณุฑูุณ","[[""167451ceaccf2f1958d7e81607826c4334c6635e_1675089191"", 999, 100, 100, ""jpg"", [3], []]]"
1.00111E+11,ูุงูุชู ุฏุงฺฉุฑูู ุฑุฎ,"ุฌูุณ :ุฏุงฺฉุฑูู
ูุฑ ููุงุณุจ ุณุงุฒ (36 ุชุง 44)
ุงุฑุณุงู ุฑุงฺฏุงู ุจู ุชูุงู ููุงุท ฺฉุดูุฑ ","[[""a9e8f0900de253c05987c408cab9fd6f1eaf53eb_1687342874"", 999, 600, 600, ""jpg"", [3], []], [""b8887f69119c819b0eafa00ef1f363165d426e21_1687342880"", 999, 600, 600, ""jpg"", [3], []]]"
1.00111E+11,ฺฏุงุฑุฏ ุงูุฑุฌูุงู ูพุฑูฺฉูุฑุง A72,"ฺฏุงุฑุฏ ุงูุฑุฌูุงู ูพุฑูฺฉูุฑุง
ุฏุงุฎู ููฺฉุช
ฺฉูุช ุนุงู
5 ุฑูฺฏ 
ุณุงูุณููฺฏ A73","[[""e6f76fbabd1c4a0cf5e0e318510b0eab498db858_1676112685"", 999, 8160, 6144, ""jpg"", [3], []], [""3e29da3d2a8051bfe70d3efc36055c9c3f8df02f_1676112733"", 999, 8160, 6144, ""jpg"", [3], []], [""5323002af46e9887f36bd8f2aefacd64d744179d_1676112730"", 999, 8160, 6144, ""jpg"", [3], []], [""f6b6102cea3b6a57978b1a6a1e6a38ba4e1406a5_1676112772"", 999, 8160, 6144, ""jpg"", [3], []], [""cb34ebc9bc42fdfaa7f63152fcc6333d97c0437f_1676112785"", 999, 8160, 6144, ""jpg"", [3], []]]"
1.00111E+11,ุฎุฑุฏฺฉู 5 ูุชุฑ ฺฉูฺฉูฺฏ,ุฎุฑุฏ ฺฉู 5ูุชุฑ ฺฉูฺฉูฺฏ 5ุณุฑุนุชู 5ุชุบ 2000ูุงุช ,"[[""6008f42d9a3b13825c527c64feeab1ae0cb79641_1706952565"", 999, 808, 1080, ""jpg"", [3], []]]"
1.00111E+11,ูุงุณฺฉ ูุจ ฺฉุงุณู ุง ุจูุงฺฉูุง ,"ุณุฑุดุงุฑ ุงุฒ ุนุตุงุฑู ฺฏูุงุณ
ุญุงู ฺฉูุงฺู ฺฏูุงุณ
ุญุงู ุงูุงูุชููู
ุฌุงู ูพุฑููพูู ฺฏูฺฉูู
ุญุงู ุณุฏู ูุงููุฑููุงุช
ุญุงู ูพูุฏุฑ ุตุฏู
ูุฑุทูุจ ฺฉููุฏู ู ุขุจุฑุณุงู
ุถุฏ ุฎุดฺฉ
ุจูุจูุฏ ุฑูฺฏ ูพูุณุช ูุจ
ุถุฏ ุชุฑฺฉ ุฎูุฑุฏฺฏ
ุฏุฑูุงู ูพูุณุชู ูพูุณุชู ุดุฏู ูุจ
ุชููุช ุจุงูุช ูพูุณุช ูุจ","[[""acf899c093e17e81fc1c3773ff0d410a505cc16c_1676640335"", 999, 210, 240, ""jpg"", [3], []], [""269c6bc410320ee9d8b937beb9412fcb68c0a2e9_1676640335"", 999, 225, 225, ""jpg"", [3], []], [""dc7e17d18c12834658a0233a92e3c4264af1823a_1676640335"", 999, 225, 225, ""jpg"", [3], []], [""ba26a446bcd659cdd55631a73685846ea2ae262b_1676661959"", 999, 800, 800, ""jpg"", [3], []], [""856fe4bb566545391b0d8ab8fdbfe143631f19de_1676661966"", 999, 800, 800, ""jpg"", [3], []], [""e6c3a4c7f7fc9b53b05e1cd68eaebabc66619381_1676661966"", 999, 800, 800, ""jpg"", [3], []]]"
1.00111E+11,ููุฏุฒูุฑ ููุฏูุณูู ูุฏู 04sk,"HANDELSON
ถูุงู ฺฏุงุฑุงูุช ุชุนูุถโ
ดูฺฉุฑููููโ
ุฏุงุฑุง ุชฺฉููููฺ ENCโ
ุฏุงุฑุง ุจุงุทุฑ ููู ุงูุนุงุฏู โ
ตฐุณุงุนุช ูพุฎุด ููุณู ู ธุณุงุนุช ูฺฉุงููู
ูุฏู 04sk
โุชุญุช ูุณุงูุณ
HANDELSON COMMUNICATION TECHNOLOGY ุณูุฆุฏ","[[""167d2ed62ed9dd226087e9e2c6850f61f891ed73_1703608000"", 999, 881, 865, ""jpg"", [3], []]]"
1.00111E+11,ุงุณูพฺฉุฑ ุจููุชูุซ ูุงุจู ุญูู ุชุณฺฉู ูุฏู TS 2305 | ูุดฺฉ,"ุฑูฺฏ: ูุดฺฉ
ูุฑูุด ุงููุงุน ููุงุฒู ุฌุงูุจ ู ููุด ู ฺฉุงููพูุชุฑ
        ุจุฑุง ุฎุฑุฏุ ุฑู ฺฏุฒูู ""ุงูุฒูุฏู ุจู ุณุจุฏ ุฎุฑุฏ"" ฺฉูฺฉ ฺฉุฑุฏู ู ุงุฒ ุทุฑู ุฏุฑฺฏุงู ูพุฑุฏุงุฎุช ุงูู ูพูุฏู ุณูุงุฑุด ุฎูุฏ ุฑุง ุซุจุช ฺฉูุฏ.
ุจุฑุง ุงุฌุงุฏ ุชุฌุฑุจู ฺฉ ูุนุงููู ุงูู ูุจูุบ ูุงุฑุฒโุชุงู ุชุง ุฒูุงู ุชุงุฏ ุฏุฑุงูุช ฺฉุงูุง ุชูุณุท ุดูุง ุจู ุงูุงูุช ูุฒุฏ ูพูุฏู ุจุงู ุฎูุงูุฏ ูุงูุฏ.","[[""8f95ee3e8c1062db364dc80494e6bb5bdd5129ac_1685787128"", 999, 225, 225, ""jpg"", [3], []]]"
1.00111E+11,ฺุฑุฎ ุฎุงุท ุฌฺฉ  F8 ฺฉุงููุง ูู,ฺุฑุฎ ุฎุงุท ุฑุงุณุชู ุฏูุฒ ุฌฺฉ ุจุง ูุฒ ู ูพุงู (ุตุฏุฏุฑุตุฏ ูู),"[[""420ccbc29b99cce1ff1ab22f6efa260b20f68aa2_1677391217"", 999, 1024, 609, ""jpg"", [3], []], [""018f3e75bddc5a6e948ebba3f1996910c852ae92_1677391217"", 999, 671, 1280, ""jpg"", [3], []], [""f2eb88e0eec7e24ae61006d18143a801a8275f42_1677391217"", 999, 719, 1156, ""jpg"", [3], []]]"
1.00111E+11,ุดููุงุฑ ุจฺฏ ูุงุฒุฑุงุช ุฎูู ุทุฑุญุฏุงุฑ,"ุดููุงุฑ ุจฺฏ ุฎูู ุทุฑุญุฏุงุฑ๐
ุฌูุณ : ฺฉุฑูพ ูุงุฒุฑุงุช ุทุฑุญุฏุงุฑ ุงุนูุง
ุณุงุฒุจูุฏ : ณ ุณุงุฒ ุงุฒ ณธ ุชุง ดถ
ูุฏ : ฑฐณ
๐ุณุงุฒ ฑ : 
ุฏูุฑ ฺฉูุฑ ุนุงุฏ ธน ู ุจุง ฺฉุดุณุงู นธ
ุฏูุฑ ุจุงุณู ฑฑฐ ู ุฏูุฑ ุฑุงู ถฒ
๐ุณุงุฒ ฒ :
ุฏูุฑ ฺฉูุฑ ุนุงุฏ นด ู ุจุง ฺฉุดุณุงู ฑฐต
ุฏูุฑ ุจุงุณู ฑฑธ ู ุฏูุฑ ุฑุงู ถด
๐ุณุงุฒ ณ :
ุฏูุฑ ฺฉูุฑ ุนุงุฏ นธ-นน ู ุจุง ฺฉุดุณุงู ฑฐธ
ุฏูุฑ ุจุงุณู ฑฒฐ ู ุฏูุฑ ุฑุงู ถธ

ูพฺฉ ุนูุฏู : ุญุฏุงูู ถ ุชุง
ุชฺฉูุฑูุด ุฏุงุฑฺฉุช ูพุงู ุจุฏู 299/999

 ","[[""c8e5580a1e76cc5cfed09b37bf7d91bff5e26811_1715540216"", 999, 750, 932, ""jpg"", [3], []], [""fe41dfa67c2e5033e9da2727ef91fee88058ec26_1715540216"", 999, 750, 938, ""jpg"", [3], []], [""f5f02645f1a5716f50fb558ec9a4654897fc24a8_1715540216"", 999, 750, 942, ""jpg"", [3], []], [""d9a0015c518efb37964a94b58241c46a937e17d0_1715540216"", 999, 750, 938, ""jpg"", [3], []], [""a2ec44e35a364ab18d13d12b586efaeda2d98373_1715540216"", 999, 719, 1280, ""jpg"", [3], []], [""9dc7ef790b24a15b7097588cc3c6f721b440271e_1715540216"", 999, 719, 1280, ""jpg"", [3], []], [""145626012834930832b80e678037ddbb15c79c9b_1715540216"", 999, 719, 1280, ""jpg"", [3], []], [""ad52d7551397e3801f2392a0748c6e05299c8380_1715540216"", 999, 719, 1280, ""jpg"", [3], []], [""d4a27b26605d596474a476dec3815a38db378f4c_1715540216"", 999, 719, 1280, ""jpg"", [3], []]]"
1.00111E+11,ุณุช ุชุงูพ ู ุดููุงุฑฺฉ ูพูฺฉ,"ุณุช ุชุงูพ ุดูุฑุชฺฉ ุฒูุงูู PINK ูุฏู 3060
ุขุณุชู ุญููู
ุฌูุณ ููุงููุช
ุฑูฺฏ ุชุงูพ: ุณูุฏ
ฺฉูุฑ ุดููุงุฑ: ฺฉุด
ุฑูฺฏ ุดูุฑุชฺฉ: ุตูุฑุช
ูุฑ ุณุงุฒ (Lุ XL)

ุฑุงูููุง ุณุงุฒ:
ูุฏ ุชุงูพ: 62 ุณุงูุช ูุชุฑ
ุฏูุฑ ุณูู: 82 ุณุงูุช ูุชุฑ
ูุฏ ุดูุฑุชฺฉ: 30 ุณุงูุช ูุชุฑ
ูุงู ุดูุฑุชฺฉ: 27 ุณุงูุช ูุชุฑ
ููุช 198000
ูพุฑุฏุงุฎุช ุฏุฑุจ ููุฒู","[[""fdb8147d4f25f35524b9426ab19dbe7e7a477b92_1693488836"", 999, 1080, 1080, ""jpg"", [3], []], [""0f352551ab198905fb681de0817317564811f874_1693488838"", 999, 1080, 1080, ""jpg"", [3], []]]"
1.00111E+11,ูุงุดู ุธุฑูุดู ุฒุฑููุงุช ูุฏู ZDM-3314,"ูุงุดู ุธุฑูุดู ุฒุฑููุงุช ฑด ููุฑู
ุณุงุฎุช ุงุชุงูุง
ูููุชุงฺ ุงุฑุงู
ููุฌูุฏ ุฏุฑ ุฑูฺฏ ุณูุฏ","[[""61286cc8d275f214db588aa0e8c7ac95b847d410_1653550615"", 999, 4032, 3024, ""jpg"", [3], []], [""9832497643db55d9720531838344c8c9faf5510f_1653550655"", 999, 4032, 3024, ""jpg"", [3], []]]"
1.00112E+11,ูุงูุชู ุณู ุฏฺฉูู,"ุณุงุฒ ณธ ุชุงดถ
๐ุฌูุณ : ูุงุฒุฑุงุช ๐ซ
๐ุฑูฺฏ ุจูุฏ :  ูุดฺฉ,  ูุณฺฉุงูู ุง,  ฺฉุฑูุ  ุณุจุฒ ุชุฑู,  ุณุจุฒ ุฑูุดู,  ุทูุณ ุฑูุดู,  ุทูุณ ุชุฑู,  ุดฺฉูุงุชุููู

โ๏ธูุฏ 80
โ๏ธฺฉูุฑ ฺฏุช 
โ๏ธุขุณุชู ฺฏุช 
โ๏ธุฏฺฉูู ฺฉุงุฑุจุฑุฏ 
โ๏ธุจุฏูู ุฌุจ

โุงุฑุณุงู ููุฑ","[[""7839e4096cdf86aba5c89257c94c9f9135782012_1708469818"", 999, 739, 1000, ""jpg"", [3], []], [""d8b6d4a9d143fe8161c3c539e30b04bcd3b57c6d_1708469822"", 999, 834, 1000, ""jpg"", [3], []], [""08b37416ed6a9b32fef067e9de9faa362b2f50bd_1708469825"", 999, 739, 1000, ""jpg"", [3], []], [""0fb84150a5a04c1e117e54fe094109c6b20a7f21_1708469827"", 999, 1080, 1187, ""jpg"", [3], []], [""dfccd765d82bd2dd27355eaf86090096a89f9c5d_1708469833"", 999, 892, 1000, ""jpg"", [3], []], [""43eeb41b1d9628931ffb5d2d42b8be0b9edd489f_1708469834"", 999, 739, 1000, ""jpg"", [3], []], [""294a74af5ab6bdbacb13ee02a1ff55200498fb06_1708469835"", 999, 1080, 1216, ""jpg"", [3], []], [""5ed743aa662356cb652728a8e6bc57d161fc1a3c_1708469836"", 999, 1080, 1280, ""jpg"", [3], []], [""77f0751104844959dc97b5979ec51223e175ebf8_1708469836"", 999, 1080, 1249, ""jpg"", [3], []], [""1d80815317dbe49952fa017087f58869d5d8199f_1708469872"", 999, 841, 1280, ""jpg"", [3], []]]"
1.00112E+11,ุฌูู ูุจู ุฏู ุทุจูู ููฺฉุณ,"ุฌูู ูุจู ูุฏู ููฺฉุณ ุฏู ุทุจูู
ุขุจฺฉุงุฑ ููุฑุชฺฉ ุง ููุฑู ุง
ุตูุญู ุดุดู
ุฏุฑ ุชููุน ุฑูฺฏ ู ุตูุญู","[[""95d7698003813d7f4f662d62c40d1c1be736b86b_1697703578"", 999, 367, 312, ""jpg"", [3], []]]"
1.00112E+11,ุตูุฏู ุฑููุฑุด ููุฑู ุง ,ุตูุฏู ุฑููุฑุด ููุฑู ุง ุณุงุฒ ณถ ,"[[""4dad7ee88024db7cac2f855ae3145d491f688fc6_1662841864"", 999, 1080, 884, ""jpg"", [3], []], [""650377bb2c75e10e5fbdc4dfd0b4eb11776e78b7_1662841878"", 999, 883, 1002, ""jpg"", [3], []], [""c8cedc0c6912e1e01b5ce818b1f66a92eb649581_1662841881"", 999, 908, 1078, ""jpg"", [3], []]]"
1.00112E+11,ูพฺฉ ููุงุฒู ุงุฑุงุด,"ุฎูุดุญุงู ูุดู ุงุฒ ุงููุงู ุดุงูพู ุญูุงุช ฺฉูุฏ
ู ุจุงฺฉุณ ูุงฺฉฺุฑ ููุงุณุจ ุจุฑุง ูุฏู ุฏุงุฏู","[[""57b318e37726d6eeac8b0db10c5b3d83421f7765_1703007658"", 999, 720, 698, ""jpg"", [3], []]]"
1.00112E+11,ูุงุดู ฺุง ุฎูุฑ ูุฏู ุดฺฉุงฺฏู ุจุณุชู 12 ุนุฏุฏ,"ูุงุดู ฺุง ุฎูุฑ ุดฺฉุงฺฏู ุจุณุชู 12 ุนุฏุฏ ุงุฒ ุฌูุณ ุงุณุชู ุขูู ุฑุจุง ูฺฏุฑ ู ุจุงุดุฏ.
ุถุฎุงูุช ุงู ูุงุดู ูุง 2 ูููุชุฑ ู ุจุงุดุฏ.
ูุงุจู ุดุณุชุดู ุจุง ุฏุณุช ู ูุงุดู ุธุฑูุดู ู ุจุงุดุฏ.
ุงู ูุงุดู ูุง ุจู ูฺ ุนููุงู ุฒูฺฏ ูู ุฒูุฏ ู ุณุงู ูู ุดูุฏ ู ุฑูฺฏ ุนูุถ ูู ฺฉูุฏ
ูุฑ ุจุณุชู ุฏุงุฑุง 12 ุนุฏุฏ ูุงุดู ฺุง ุฎูุฑ ู ุจุงุดุฏ.","[[""6facf880655e84e95098b874c584462fa5dc5a82_1713649653"", 999, 800, 800, ""jpg"", [3], []]]"
1.00112E+11,ูุงุดู ุงุตูุงุญ vgrูุฏู ฐตท,"ูุฏุช ุฒูุงู ุงุณุชูุงุฏู ูพุณ ุงุฒ ุดุงุฑฺ

ฒฐฐ

ูุฏุช ุฒูุงู ุดุงุฑฺ

ฑธฐ

ูุฒู

ฒฒฑ ฺฏุฑู

ุฌูุณ ุชุบู

ุงุณุชู ุถุฏ ุฒูฺฏ

ูุงุจูุชโูุง ุงุจุฒุงุฑ

ุทุฑุงุญ ุงุฑฺฏููููฺฉ

","[[""fd68141e5ef3c01d67800c8ffa5d54ea647579d3_1691679235"", 999, 800, 800, ""jpg"", [3], []]]"
1.00112E+11,ูพูฺฉู ุฏูููุธูุฑู ูุฏุงุณ,"ูพูฺฉู ุฏูููุธูุฑู ูุฏุงุณ
ุชูุงู ูุตุฑู 70ูุงุช
ูุฏู VIR8013
ูุงุจูุช ุชูุธู ุงุฑุชูุงุน ู ุณุฑุนุช","[[""d201c52a81f1a85a92d5615b02eb087938981aa2_1714769982"", 999, 800, 800, ""jpg"", [3], []], [""67b3af1924a67b4687adad606cc330d8105bc63b_1714769987"", 999, 800, 800, ""jpg"", [3], []], [""0af6019e9f22bf66584a80fca99d450e61b84ea6_1714769991"", 999, 800, 800, ""jpg"", [3], []]]"
1.00112E+11,ุฑูุบู ุฏูุฏู ุฎูุฏุฑู ุงุณูพุฏ ูุฏู Maroon ATF III ุญุฌู 1000 ูู ูุชุฑ,"ุฑูุบู ุฏูุฏู ู ูุฏุฑููฺฉ ูุงุฑูู
ุฏุงุฑุง ูุดุงู ุงุณุชุงูุฏุงุฑุฏ ู ุชุงุฆุฏู ฺฉุงูุง 
ุญุฐู ูุงุณุทู 
ุงูฺฉุงู ุฎุฑุฏ ุญุถูุฑ 
ุญุชูุง ูุจู ุงุฒ ุฎุฑุฏ ุชูุงุณ ุจฺฏุฑุฏ ","[[""e7d83a836a2b89a967bf424b1ceb90528ca7329c_1726914792"", 999, 433, 577, ""png"", [3], []]]"
1.00112E+11,ฺฉูุด ุงุณูพูุฑุช ูุฑุฏุงูู ฺฉูุชฺฉุณ ุชุฑฺฉู,ฺฉูุด ูพุงุฏู ุฑู ูุฑุฏุงูู ุ ุงูุฑุฌูุงู ุชุฑฺฉู ุ ูุงุจู ุดุณุชุดู ุ ุทุจ ุ ููุงููุช ู ุฏูุงู ุจุณุงุฑ ุจุงูุง ุ ุจุณุงุฑ ุณุจฺฉ ู ุฑุงุญุช,"[[""55e9a51c30d2442baded68ba6ae875129d2e128a_1656787600"", 999, 1200, 1800, ""jpg"", [3], []], [""6afd34d1a15fa988dccae6cef837706f8456774b_1656787632"", 999, 1200, 1800, ""jpg"", [3], []]]"
1.00112E+11,ฺฉูุด ูพุงุฏู ุฑู ุงุณฺฉฺุฑุฒ ูุฏู Go Run ,ุจุฑูุฏ ุงุณฺฉฺุฑุฒ ุงูุฑุฌูุงู. ุงู ฺฉูุด ุงุฒ ุขู ูุฏู ูุง ุงุณุช ฺฉู ฺฉ ุณุงุฒ ุนูุจ ุงุณุช ุฑู ุฌุนุจู ฺฉูุด ุณุงุฒ ดฒ ููุดุชู ูู ุจุฑุง ุณุงุฒ ดฑ ู ุทูู ูพุง ฒต/ต ุณุงูุช ููุงุณุจ ุงุณุช . ูุทูุง ูุจู ุงุฒ ุณูุงุฑุด ุญุชูุง ุทูู ูพุง ุฎูุฏ ุฑุง ุงุฒ ูพุดุช ูพุงุดูู ุชุง ููฺฉ ุดุณุช ุงูุฏุงุฒู ุจฺฏุฑุฏ ู ุชููุง ุฏุฑ ุตูุฑุช ุงูุฏุงู ุจู ุซุจุช ุณูุงุฑุด ฺฉูุฏ ฺฉู ุงู ุงูุฏุงุฒู ุชุง ฒต/ต ุณุงูุช ู ุณุงุฒ ูพุง ุชูู ูู ดฑ ุจุงุดู ู ุฏุฑ ุตูุฑุช ฺฉู ุงู ุงูุฏุงุฒู ุงุฒ ฒต/ต ุณุงูุช ุจุดุชุฑ ุจูุฏ ุงุฒ ุซุจุช ุณูุงุฑุด ุฎูุฏุฏุงุฑ ฺฉูุฏ ฺฉู ุจุนุฏุง ุจุฑุงุชุงู ุชูฺฏ ู ูุดฺฉู ุณุงุฒ ูุดูุฏ. ุฌูุณ ูพุงุฑฺู. ุฌูุณ ุฒุฑู ุงุฒ ูพู ุงูุฑุชุงู(PU). ูุญูู ุจุณุชู ุดุฏู ฺฉูุด ุจูุฏ. ูฺฺฏ ูุง ุชุฎุตุต ฺฉูุด: ููุงูู ุฏุฑ ุจุฑุงุจุฑ ุณุงุดโ . ูุงุจูุช ฺฏุฑุฏุด ููุง. ุฒุฑู ุทุจ. ฺฉุงูุด ูุดุงุฑูุง ูุงุฑุฏู. ฺฉุดูุฑ ุชููุฏ ฺฉููุฏู ูุชูุงู.,"[[""945f65a40aaaaac4d804d495fc617f9d5b07a093_1728889732"", 999, 2448, 3264, ""jpg"", [3], []]]"
1.00112E+11,ฺฉุงุจู ุดุงุฑฺ  ููุฒ ุชุงูพ C ุจู usb ูุณุช ุดุงุฑฺ ฺฏุงุฑุงูุช ,"ูพุดุชุจุงู ุงุฒ ุดุงุฑฺ  ููู ุณุฑุนย:ุฏุงุฑุฏ
ููุงูู ุฏุฑ ุจุฑุงุจุฑ ฺฉุดุดุ ุฎูุฏฺฏ ู ูพุงุฑฺฏย:ุฏุงุฑุฏ
ุงูฺฉุงู ุงูุชูุงู ุงุทูุงุนุงุชย:ุฏุงุฑุฏ
ููุน ฺฉุงูฺฉุชูุฑย:Type-C
ูพูุดุด ูุญุงูุธ ุฏุฑ ูุณูุช ฺฉุงูฺฉุชูุฑูุงย:ุฏุงุฑุฏ
ููุน ูุญุตููย:ฺฉุงุจู USB to Type-C
ุทูู ฺฉุงุจูย:ุญุฏูุฏ 100 ุณุงูุช ูุชุฑ
ููุงูู ุฏุฑ ุจุฑุงุจุฑ ูุดุงุฑ ู ุณุงุดย:ุฏุงุฑุฏ
ุฌูุณ ฺฉุงูฺฉุชูุฑูุงย:ููุฒ
ฺฏุงุฑุงูุช ฑธ ูุงูู","[[""333671f2b5cc94e4652b89b25483aa2afad7adbc_1707901437"", 999, 4000, 3000, ""jpg"", [3], []]]"
1.00112E+11,ุณุงุนุช ูฺ ูุฑุฏุงูู 4 ููุชูุฑ ูุนุงู ฺฉุฑููฺฏุฑุงู ุฑููุงูุณูู ููุชูุฑ ฺุงูพู Romanson,"ุณุงุนุช 4 ููุชูุฑ ุฑููุงูุณูู ูุฑุฏุงูู ROMANSON 

ย ROMANSON
ุจุฑูุฏ ุฑููุงูุณููยป ูุฑุฏุงูู
ฺฉูุงุฑุชุฒ
ุฑูุฒูุฑู
4 ููุชูุฑ ูุนุงู ฺฉุฑูููุชุฑุฏุงุฑ
ฺฉุฑููฺฏุฑุงู
ูุดุงูฺฏุฑ ุชููู
JAPAN MOVMENT
ุจุฏูู ุงุณุชู ุงุตู 316
ุจูุฏ ุงุณุชู ุงุตู 316
ุถุฏ ุญุณุงุณุช ุงุตู
ุฑูฺฏ ุซุงุจุช
ููู ูพุฑูุงูู ุง ุถุงูู ุฏุงุฑ ููู ุงุณุชู ุงุตู
ุดุดู ูุนุฏู ุถุฏ ุฎุด
ูุชุนููุงุช ุดุงูู 
ุฌุนุจู ุจุง ูุงุฑฺฉย ุฑููุงูุณูู 
ฺฉุงุฑุชย 
ูพุงฺฉุชย ุณุงุนุช
ููุฌูุฏ ููุท ฺฉ ุนุฏุฏ
ฺฏุงูุฑ ฺฉูุฑูุด","[[""d8628d5a9e45dfa4744c5198615c7fbc37ed4f60_1685502360"", 999, 721, 1280, ""jpg"", [3], []], [""a66f88b51120848ec7c7289bfe08e9c8dfd8fc28_1685502361"", 999, 721, 1280, ""jpg"", [3], []], [""c8139087fdbb9052d4a748ea9d0013bb1019999b_1685502361"", 999, 721, 1280, ""jpg"", [3], []], [""d44eef76da18b6b15aaae1c8a9e1dab84948a25d_1685502361"", 999, 721, 1280, ""jpg"", [3], []]]"
1.00112E+11,ุบุฐุง ุฎุดฺฉ ฺฏุฑุจู ุนูู ุดุฏู ุฑููฺฉุณ ูุฏู Sterlised ูุฒู 1.5 ฺฉููฺฏุฑู,"ุบุฐุง ุฎุดฺฉ ฺฏุฑุจู ุนูู ุฑููฺฉุณ ูพูุงุณ
ููุงุณุจ ุจุฑุง ฺฏุฑุจู ุนูู ุดุฏู ููู ูฺุงุฏูุง
ุจุง ุทุนู ูุฑุบ
ุบู ุดุฏู ุจุง ุงููุงุน ูุชุงูู ูุง ู ููุงุฏ ูุนุฏู
ูพุฑูุจูุชฺฉ ู ุขุณุงู ูุถู
ฺฉูฺฉ ุจู ุญูุธ ูุฒู ููุงุณุจ ฺฏุฑุจู ุจุง ฺฉูุชุฑู ูุฒุงู ฺฉุงูุฑ
ฺฉู ฺุฑุจ
ุญุงู ุขูุช ุงฺฉุณุฏุงู ุฌูุช ุงูุฒุงุด ุณูุงูุช ูพูุณุช ู ูู ฺฏุฑุจู
ุฏุงุฑุง ฺฉูุณูุ ุฒูฺฉุ ุขูู ู ูุงุณู
ูุญุตูู ุดุฑฺฉุช ูุฏุฑ ูพุช ููุฏ (Lider Petfood) ุฑููฺฉุณ ูพูุงุณ","[[""93c67a177db0e7fdfe0586a359e479b978165100_1674945986"", 999, 720, 1080, ""jpg"", [3], []]]"
1.00112E+11,ุฑูุชุฎุช ูุฏู ุฏุฑุฎุช ุจูุดุช/4ูุตู/ุดุงูู ุงุจุฑุดู ุงุตู/ุฏูููุฑู ุดุฑฺฉุช ุงูุฑุง,"ุฌูุณ : ุดุงูู ุงุจุฑุดู ุงุตู
ุฌูุณ ุขุณุชุฑ ู ููุญูู ุชุดฺฉ : ฺฉุชุงู ุงุฑฺฏุงูฺฉ / ุจูุฑุงุด
ุณุงุฒ : ุฏูููุฑู / ุชฺฉููุฑู 
ุฑูฺฏ ุณุช ุฒุฑู : ฺฏูุจู
ุชุนุฏุงุฏ ุงุฌุฒุง : ธ ุชฺฉู (ด ุฑูุจุงูุด/ฒ ุฑูฺฉูุณู/ฑ ุฑูฺฉุด ุชุดฺฉ/ฑ ูุญุงู)
ููุน ฺฉุงุฑุจุฑ : ูุตุฑู / ุชุฒุฆู
ูุตู ููุงุณุจ : ด ูุตู
ููุน ฺฏุงุฑุงูุช : ดธ ุณุงุนุช ุงูฺฉุงู ูุฑุฌูุน / ฑ ุณุงู ุถูุงูุชูุงูู ุฑุณู
ุงูุงู ููุฑุฏ ุงุณุชูุงุฏู ุฏุฑ ุงู ูุญุตูู ุจูุฏุงุดุช ุจูุฏู ู ุงุฒ ุงูุงู ูุฑุขูุฑ ุดุฏู ุงุณุชูุงุฏู ููโุดูุฏ. ุงู ุงูุงู ุฏุงุฑุง ุฎุงุตุช ูููุฑ ููู ูุณุชูุฏ ฺฉู ูพุณ ุงุฒ ูุฏุชุ ุญุงูุช ูุฎุช ู ูพูุจูโุง ุจู ุฎูุฏ ูโฺฏุฑูุฏ ู ุงุญุณุงุณ ุฎูุดุงูุฏ ุฏุฑ ููฺฏุงู ุฎูุงุจ ุฑุง ุจู ุงุฑูุบุงู ูโุขูุฑูุฏ. ุงู ุงูุงู ุจุฏูู ุงุฌุงุฏ ุญุณุงุณุช ู ุงูฺฉุชุฑุณุชู ูุณุชูุฏ. ุงู ูุญุตูู ฺฉ ูุญุตูู ด ูุตูู ุงุณุช ฺฉู ุจุง ุถุฎุงูุช ุญุฏูุฏ ฒ.ต ุงู ณ ุณุงูุชโูุชุฑ ุงุฑุงุฆู ูโุดูุฏ. ุขุณุชุฑ ูพุงุฑฺู ู ุงูุงู ุฏุงุฑุง ุชููุณ ุจุงูุง ูุณุชูุฏ ฺฉู ุงุฒ ุงุฌุงุฏ ูุฑฺฏููู ุชุนุฑู ุฌููฺฏุฑ ูโฺฉููุฏ ู ุฏุฑ ูุตูู ูุฎุชููุ ุงุฒ ุฌููู ูุตูู ฺฏุฑูุ ุฑุงุญุช ู ูุฐุช ุจุฎุด ุฑุง ุงูุฒุงุด ูโุฏููุฏ","[[""a31a7a133574ca57ad0e42e18e3fdf6689d38e95_1715707681"", 999, 1536, 1536, ""jpg"", [3], []], [""42497de2babfece979bc3edeed82939d8d347097_1715707684"", 999, 1536, 1536, ""jpg"", [3], []], [""7bcaef413b9835cbd15d16240d9c674624aff606_1715707690"", 999, 394, 394, ""jpg"", [3], []]]"
1.00112E+11,ุงุฏูู ูพูุฏุฑ ุขูุดู ุงุนูุงุณุงุจ ุฏุฑ ุจุณุชู ุจูุฏ ูพูุฌุงู ฺฏุฑู ,ฺฉ ุงุฒ ฺุงุดู ูุง ุฎูุด ุนุทุฑ ู ุจู ุฎุงุชูู ุดุฑู ุูพูุฏุฑ ุขูุดู ุงุณุช.ุงูุจุชู ุจุตูุฑุช ุจุฑฺฏุด ุฑู ูู ุจุฑุง ูุตุงุฑู ุฏูููุด ุฏุงุฑู,"[[""15094d321e9197374cc84c740c5c1d21ef5ac65e_1692600716"", 999, 4624, 3472, ""jpg"", [3], []]]"
1.00112E+11,ุณูุชูุฑ ุฏุณุช ุณุงุฒ,"โจุณูุชูุฑ ูุตู ููุช ุจุงุฒุงุฑโจ

โุจุฏูู ูุงุณุทู ุฎุฑุฏ ฺฉูุฏ

    โญุณูุชูุฑ ุงุฒ ุชููุฏ ุจู ูุตุฑูโญ

โญฒฐฐ ููููู ุณูุชูุฑ ูุจุชุฏ ุชุง ุญุฑูู ุง ุฏุงุฑูโญ
โููู ุฑูฺฏ
โููู ูุฏู

โญุดุฑูุน ููุช ููุท ฑ ุชููุงูโญ

โุขููุฒุด ูู ูุตู ููุช ุจุงุฒุงุฑ ุชุถูู 

โููุฑุงู ุจุง ฺฏุงุฑุงูุช 
โููุงุฒู ุฌุงูุจ ููุฌูุฏ 
โุดุฑุงุท ุงูุณุงุท ุจุฏูู ุณูุฏ ุจุง ฺฺฉ ุง ุทูุง


","[[""cf8703d6609726815abd19fc385d4d657216b38f_1704898496"", 999, 485, 1080, ""jpg"", [3], []], [""1da5ebbb6c698f83ff680bfe63b73d1391a28053_1704898500"", 999, 810, 1080, ""jpg"", [3], []], [""c36a00d4f6622b52cc8eb2be5de29955644719e5_1704898503"", 999, 1080, 810, ""jpg"", [3], []], [""8ddb961010a9134b510869b098b0b237979a8d4b_1704898508"", 999, 1080, 810, ""jpg"", [3], []]]"
1.00112E+11,ุนุทุฑ ุฒูุงูู ููุงุฑ ุจุฑูุฏ ุงูุฑููู ,"๐ธ ุนุทุฑ ุฒูุงูู "" ููุงุฑ ""๐ธ
Volare Eau de Parfum
โช๏ธ42514
๐ธ50ml
๐๐ปโโ๏ธุจู ฺฏุฑู ู ฺฏู ( ููู ุงูุนุงุฏู ุธุฑูู ู ุจุง ุดูุดู ุจู ุดูู ฺฏู๐บ)

ุญุงูู ุฑุงูุญู:
๐ฺฏูุจุฑฺฏูุงู ฺฏู ุฑุฒ
๐ุจุฑฺฏูุงู ฺฏู ุจููุดู
๐ุจูู ฺฏุฑู ฺุฑู
โ๏ธุฎุงุตุุฎูุดุจูุุฒูุจุง ู ุดูู
โ๏ธ ุจู ุนูุช ูพุฑูููู ุจูุฏู ูุงูุฏฺฏุงุฑู ููู ุงูุนุงุฏู ุจุงูุงูู ุฏุงุฑุฏ
โ๏ธุงฺฏุฑ ุฑูู ูุจุถ ุงุณูพุฑู ุดูุฏ ูพุฎุด ุจูู ุขู ุฏูฺฏุฑุงู ุฑุง ูุณุช ู ูุณุญูุฑ ููููุฏ๐
โ๏ธุนุทุฑู ุจุณูุงุฑ ุฑูุงูุชููุุงุญุณุงุณ ุจุฑุงูฺฏูุฒ ู ุจุง ุจููู ูู ุงุญุณุงุณ ุฎูุดุงููุฏ ู ุธุฑุงูุช ุฑุง ุฏุฑ ุฐูู ุชุฏุงุนู ู ุงูุฌุงุฏ ููููุฏ.
ู","[[""cbe418e6f6edcb8c850e2e03c2258812ebb153c2_1696071499"", 999, 1280, 1188, ""jpg"", [3], []]]"
1.00112E+11,ูุงฺฉุช ูุงุดู ูพูุฑุดู ูพุงูุงูุฑุง ููุฒ ฺฉุฏ 7717 ูุงฺฉุชฺ,"ุฌูุณ ุจุฏูู: ููุฒ
ุฑูฺฏ: ุณูุฏ
ุงูุฏุงุฒู: ุทูู 12 ุณุงูุชูุชุฑ ุ ุนุฑุถ 5 ุณุงูุชูุชุฑ ุ ุงุฑุชูุงุน 4 ุณุงูุชูุชุฑ
ูฺฺฏ: ุนูุจฺฉุด ุ ุฏู ุฏุฑุจ ุจุงุฒุดู
ุฌุนุจู: ูุฏุงุฑุฏ","[[""caddb4f6aaf88193df09759d500d63ba70a43c08_1680777057"", 999, 1080, 1080, ""jpg"", [3], []], [""a6b54f0384aabd31e043dc97c7015c6c9a463617_1680777062"", 999, 1080, 1080, ""jpg"", [3], []], [""1f08d26e518c28fe8c2a05bd4c465522bfe22879_1680777069"", 999, 1080, 1080, ""jpg"", [3], []]]"
1.00112E+11,ูู ูุฑุฒ ฑฑตูููุชุฑ ุฏุณุชู ุจููุฏ ุฏูุฑุฏุงุฑ ููุงุฑฺฉุณ(Vivarex),"ุชูุงู:นฐฐูุงุช
-ูุฌูุฒ ุจู ุฏูุฑ ุฌูุช ฺฉูุชุฑู ุณุฑุนุช ุตูุญู ุจุฑุด
-ุฏุงุฑุง ุฏุณุชู ุฌุงูุจ ุจุง ูุงุจูุช ูุตุจ ุฏุฑ ุฏู ุทุฑู
-ูุฌูุฒ ุจู ููู ฺฉู ุดูุช ุฌูุช ูุตุจ ุขุณุงู
-ูุฌูุฒ ุจู ุขุฑูฺุฑ ูุฏุฑุชููุฏ
-ุฏุงุฑุง ุจูุจุฑูฺฏ ูุง ุถุฏ ุบุจุงุฑ
-ุทุฑุงุญ ุงุฑฺฏููููฺฉ ุฏุณุชู ุฌูุช ุฑุงุญุช ฺฉุงุฑุจุฑ
-ุฏุงุฑุง ฑุณุงู ุถูุงูุช ุดุฑฺฉุช
_________________ฺฉุงู ุชููุฒ_________________
ูุฑูุด ฺฉูู ุงุจุฒุงุฑ ุขูุงุช ุจุฑูุุดุงุฑฺุุจุงุฏุุฏุณุชุุงูู ู ...ุฏุฑ ุชูุงูโ ุจุฑูุฏูุง
__________________________________________
ุฏุฑูุูุฑุฒุุฏุณุชฺฏุงู ูพููุดุฺฉุงุฑูุงุดุุจูููุฑุุฎุฒุงู ุฑูุจุูุชุฑ ูุฒุฑุุชุฑุงุฒ ูุฒุฑุุฏุฑู ุดุงุฑฺุุจุชู ฺฉูุููฺฏูู ฺฉูุจุูุฎฺฉูุจุุฏุณุชฺฏุงู ุฌูุดุุงููุฑ ูุฑุฒุูุฑุฒ ููุงุชูุฑุุฌุนุจู ุจฺฉุณุุงุฑู ุงูู ุจุฑุุงุฑู ุนููุฏุจุฑุุณุดูุงุฑ ุตูุนุชุูู ูุฑุฒ ุฏุณุชู ุจููุฏุููุงุฒู ุฌุฑุซููุูพุณุชูููุูพฺุจูุฏุุงุฑู ุฏุณฺฉุูพุฑููู ุจุฑุูุงุฑุณ ุจุฑุุณูฺฏ ุฑููุฒุุงุฑู ูุฒุุฏููุฏู ู ูฺฉูุฏูุุขฺุงุฑุุจฺฉุณ ุจุงุฏุุงุฑู ุจุฑูุุงุชู ูููู ู..

 โูุฑูุดโ ุจุตูุฑุช ุญุถูุฑ ู ุบุฑ ุญุถูุฑ
 โูพุฑุฏุงุฎุช ุฏุฑุจ ููุฒู ุจุฑุง ุณุงฺฉูู ุชูุฑุงู
 โุงุฑุณุงู ุจู ุชูุงู ููุงุท ฺฉุดูุฑ
__________________________________________
","[[""0ea188f6621596bd59f97deae35b31bf53a02d48_1668471141"", 999, 960, 1280, ""jpg"", [3], []], [""aab73a2d5489df681867926e816e60c9321a3899_1668471143"", 999, 960, 1280, ""jpg"", [3], []], [""2cba37234dfcdca89bca81ab494c91a0b1ba1e5f_1668471147"", 999, 960, 1280, ""jpg"", [3], []]]"
1.00112E+11,ูุฑู ฺฉููุฏู ุชุฑูู ฺฉููุฏู ูู ุจูฺฉุณู ุญุงู ฺฉุฑุงุชู ู ุขุฑฺฏุงู ููุงุณุจ ุงููุงุน ูู 250 ูู,"ุงุนุชูุงุฏ ุดูุง ุงุนุชุจุงุฑ ูุงุณุช ุ ุจุง ุงุทููุงู ุฎุฑุฏ ฺฉูุฏ
ููุงุณุจ ุงููุงุน ูู
ุญุงู ุฑูุบู ุขุฑฺฏุงูุฺฉุฑุงุชูุุจู ฺฉููพูฺฉุณ B11 ู ุงุขููู ุงุณุฏ
ุถุฏ ุฑุฒุด ูู
ุชุบุฐู ฺฉููุฏู ูู
ุฌููฺฏุฑ ุงุฒ ุดฺฉููุฏู ุดุฏู ูููุง
ุงูุฒุงุด ุงูุนุทุงู ูพุฐุฑ ูููุง
ุชููุช ุชุงุฑูุง ูููุง
ูุฑู ฺฉููุฏู ู ุขุจุฑุณุงู ูู
ูุงูุฏ ูพุงุฑุงุจู ู ูุงูพูุขูุฑฺฺฉ
ุฏุฑุฎุดุงู ฺฉููุฏู ูููุง
ุจุง ูุง ุจุง ุฑุฒุด ูู ุฎุฏุงูุธ ฺฉู ","[[""340f0002d392f5bbe9c62366d197170eddeabea0_1687790199"", 999, 1080, 1080, ""jpg"", [3], []]]"
1.00112E+11,ฺฉุงูพูฺูู ุขุฑูุงูุง - 1 ฺฉููฺฏุฑู,"ฺฉุงูพูฺูู ุขุฑูุงูุง ุชูู ุดุฏู ุงุฒ ุจุง ฺฉูุช ุชุฑู ูููู ูุง ู ููุงุฏ ุงููู ุงุณุช. ุทุนู ุจุณุงุฑ ุฏูฺุณุจ ู ูุงุจู ุฑูุงุจุช ุจุง ุจุฑูุฏ ูุง ูุทุฑุญ ุฏูุง ุฏุงุฑุฏ. ุจุณุชู ุจูุฏ ูุญุตูู ุฒูพ ุฏุงุฑ ุงุณุช ุชุง ุจุชูุงูุฏ ุจุนุฏ ุงุฒ ูุฑ ุจุงุฑ ูุตุฑู ุฏุฑุจ ูุญุตูู ุฑุง ุจู ุทูุฑ ฺฉุงูู ุจุจูุฏุฏ ุชุง ุฑุทูุจุช ูุงุฑุฏ ูุญุตูู ูุดูุฏ.

ูุฒู : ฑฐฐฐ ฺฏุฑู
ุดูุงุฑู ูพุฑูุงูู ุจูุฏุงุดุช : ฑต/ฑถณณน
โุชุถูู ุงุตุงูุช ฺฉุงูุง
โุชุถูู ฺฉูุช ฺฉุงูุง","[[""65e6308cbc497ae81be9d38b7c5dee32c874cc2b_1694088435"", 999, 800, 800, ""jpg"", [3], []], [""e96da160a6dffd0cedffa9e4d5322c4bd2dd7b5f_1694088444"", 999, 800, 800, ""jpg"", [3], []]]"
1.00112E+11,ูุบุฒ ุงุชูุฏ(ููฺฉ ุงุชูุฏ) ูพุงุฑุณฺฉุงุฑ ฒูู ุชฺฉ ุจุณุชู,ุจุง ฺฏุณุชุฑูโุง ุงุฒ ฺฉุงูุงูุง ูุชููุน ุจุฑุง ุชูุงู ุงูุดุงุฑ ุฌุงูุนู ู ูุฑ ุฑุฏูโ ุณูุ ุจุฑุง ฺฉุงุฑุจุฑุงู ุฎูุฏ ยซุชุฌุฑุจูโ ูุฐุชโุจุฎุด ฺฉ ุฎุฑุฏ ุงูุชุฑูุชยป ุฑุง ุชุฏุงุน ูฺฉูู ยซุงุฑุณุงู ุณุฑุนยปุ ยซุถูุงูุช ุจูุชุฑู ููุชยป ู ยซุชุถูู ุงุตู ุจูุฏู ฺฉุงูุงยป ุณู ุงุตู ุงููู ุงุณุช . ุชูุงู ุงูุฑุงุฏ ุจู ุฑุงุญุช ู ุชูุงููุฏ ูุญุตููุงุช ููุฑุฏ ูุธุฑ ุฎูุฏ ุฑุง ุงุฒ ูุฑูุดฺฏุงู ุงูุชุฑูุช ูพุฑุดู ุฎูุฑุดุฏ ุชูุฑุงู ุณูุงุฑุด ุฏููุฏ.,"[[""bd8fc1a3e81627176b96bc6c3f33d630b8e09eef_1670657078"", 999, 675, 369, ""png"", [3], []]]"
1.00112E+11,ุชููุฑ ุฑูุดู ฺฉููุฏู ุนุตุงุฑู ุจุฑูุฌ ุจูุขฺฉูุง BIOAQUA,"ุบู ุงุฒ ุนุตุงุฑู ุจุฑูุฌ ู ุฌู ุฏู ุณุฑ
ูุฑุทูุจ ฺฉููุฏู
ุณูุฏ ฺฉููุฏู
ุชูุธู ฺฉููุฏู ุณุทุญ PH ูพูุณุช
ุชฺฉูู ูุฑุขูุฏ ูพุงฺฉุณุงุฒ ูพูุณุช
ูพุงฺฉุณุงุฒ ุนูู ููุงูุฐ
ุญุงู ุนุตุงุฑู ูุง ฺฏุงู
ุจุงุฒุณุงุฒ ู ุชุบุฐู ุณููู ูุง ูพูุณุช
ุญุงู ุขูุช ุงฺฉุณุฏุงู
ฺฉูุชุฑู ุชุฑุดุญ ฺุฑุจ
ฺฉุงูุด ุฌูุด ู ุขฺฉูู","[[""1a5275283d9f8c045a90a7d5bf34ac23af346f8a_1714320017"", 999, 1220, 1280, ""jpg"", [3], []], [""a5c10da7a9873812a40cce4c9a9eacb545dd50df_1714320020"", 999, 960, 1280, ""jpg"", [3], []]]"
1.00112E+11,ูุช ูพููพ ูุงุดู ุธุฑูุดู ูุฏู 651956,ูุช ูพููพ ูุงุดู ุธุฑูุดู ุจูุด,"[[""4a61457f191235ebcf827a2be0f78a82bc7ef14c_1642410742"", 999, 800, 800, ""jpg"", [3], []]]"
1.00112E+11,ูพุฑุงูู ูพููฺฉ ฺฉูุชุงู,ุนุฑุถ ุณููดถฺฉุดุณุงู ุชุงตฐ,"[[""a5b56d08be3d3e9a3962e30199334cfbd3477755_1671219738"", 999, 750, 904, ""jpg"", [3], []], [""f17418cae8a9af7c9f15e91bdc27810789701ff4_1671219739"", 999, 750, 910, ""jpg"", [3], []], [""7c4d1ca5d07432c64b891ff4c82aa7482416ede7_1671219739"", 999, 750, 913, ""jpg"", [3], []], [""cc008e1db2e39594f0358f3bd74157a690c2947a_1671219739"", 999, 750, 912, ""jpg"", [3], []]]"
1.00112E+11,ูููุฏุฑ ููุจุงูู,"ูููุฏุฑ ุฑูููุฒู
ููุงุณุจ ุจุฑุงู ููู ู ฺฏูุดู ูุง
ููููุช ุนุงูู","[[""64bfae9abb210d3c851808948be52c3b7746159b_1703929321"", 999, 3024, 4032, ""jpg"", [3], []], [""459a0a52706840bc8892f1b175b23cfe52f3c934_1703929321"", 999, 3024, 4032, ""jpg"", [3], []]]"
1.00112E+11,ุฑูฺฏ ูุงุช ุจุงุณุฆูุณ ูุฏู CRZB12-B01,ุฑูฺฏ ูุงุช ุญุฑูู ุง ุจุงุณุฆูุณ ููุฑุงู ุจุง ุณู ูพุงู ุฌุฏุง ุจููุฏ ฒ ูุชุฑ ุจุฑูุฏ ุขูุฑฺฉุง ุจู ุนููุงู ูุฏู ุจุฑ ุฑู ุฎุฑุฏ,"[[""5f19d5affac2af0f2466d64813d96d44ab2f3188_1658379732"", 999, 1772, 3840, ""jpg"", [3], []], [""e276260c2d25373f88dc2798d89734f47401a578_1658379743"", 999, 1772, 3840, ""jpg"", [3], []]]"
1.00112E+11,ุดุฑุจุช ฺูุงุฑฺฏู,ุดุฑุจุช ฺฏุงู ฺูุงุฑฺฏู ุจุงุทุนู ุจ ูุธุฑ,"[[""6aa53e1ab5c1d13c109fff04a5599c36dc1f0e11_1717084704"", 999, 1024, 1280, ""jpg"", [3], []]]"
1.00112E+11,ุฑูุบู ููุชูุฑ ุงุณูพุฏ ูุฏู ุณููพุฑ ูพูุงุชููู 5W-30 SN ุญุฌู 4 ูุชุฑ,"ุงุณูพุฏ ูพูุงุชููู 
ุญุฌู ด ูุชุฑ
ฺฉูุช SN
ุฏุงุฑุง ูุดุงู ุงุณุชุงูุฏุงุฑุฏ ู ุชุงุฆุฏู ฺฉุงูุง 
ุงุตู
ฺฉู ู ุฌุฒุฆ ุจุฏููู ูุงุณุทู ","[[""c758f3c60b3a7056dcd93036fbb7c26c8c2cd8ab_1712581059"", 999, 800, 800, ""jpg"", [3], []]]"
1.00112E+11,ุณุช ุณู ุชฺฉู ูุฌุฐุงุจ ูุฑุณุงฺ ุงุณูพุฑุช,"ฺฉูุช ุชุฑู ู ุฎุงุต ุชุฑู ุณุช ุณู ุชฺฉู ุณุงู  ุณุช ุฌุฐุงุจ ูุฑุณุงฺ๐ุชุถูู๐
ูู ุฏุฎุชุฑููู ูู ูพุณุฑููู๐คตโโ๏ธ๐คตโโ๏ธ
๐ุฌูุณ:ุฏูุฑุณ ูุงฺฉุฑุงุฏุงุฑ ุจุงฺฉูุช ููู ุงูุนุงุฏู ุจ ูุธุฑ๐
๐3 ุฑูฺฏ: ูุดฺฉ ููุฑูุฒ ู ฺฉุฑู

๐บุณุงุฒ 40๐ ูุฏ ุณูุดุฑุช45 / ูพููุง ุณูุดุฑุช31 / ุขุณุชู37 / ูุฏ ุชุดุฑุช44 / ูพููุง ุชุดุฑุช32/ ุดููุงุฑ62
๐บุณุงุฒ 45๐ ูุฏ ุณูุดุฑุช51 / ูพููุง ุณูุดุฑุช35 / ุขุณุชู42 / ูุฏ ุชุดุฑุช48 / ูพููุง ุชุดุฑุช38/ ุดููุงุฑ68
๐บุณุงุฒ 50๐ ูุฏ ุณูุดุฑุช56 / ูพููุง ุณูุดุฑุช 36/ ุขุณุชู45 / ูุฏ ุชุดุฑุช55 / ูพููุง ุชุดุฑุช36/ ุดููุงุฑ76
๐บุณุงุฒ 55๐ูุฏ ุณูุดุฑุช 60/ูพููุง ุณูุดุฑุช 39/ุงุณุชู 47/ูุฏ ุชุดุฑุช 60/ูพููุง ุชุดุฑุช 39/ุดููุงุฑ 80

ุงุฑุณุงู ุฑุงฺฏุงู
ุฒูุงู ุงุฑุณุงู ฺฉุดูุจู ุขูุฏูโ๏ธ
","[[""2966bf10d52ac5c6ad061b8354a84d44d09257cf_1692787474"", 999, 1024, 1280, ""jpg"", [3], []], [""10092bff7d62b3ea224c37444d09a5abb66d3240_1692787478"", 999, 1006, 1280, ""jpg"", [3], []], [""1515c69278d43ee62f27accd65932801a13111a0_1692787482"", 999, 1024, 1280, ""jpg"", [3], []], [""224e33d2fcd5319ae7f6c25c556c268ea7a8fae4_1692787486"", 999, 999, 1280, ""jpg"", [3], []], [""1380250c4f5f4632222a307214ce7b8ec087fb21_1692787489"", 999, 964, 1140, ""jpg"", [3], []], [""d67c3d89839be49fcb3d107f92f54225008f361f_1692787493"", 999, 1024, 1280, ""jpg"", [3], []], [""8994bdfaef0cafee3f1b5b1921ed235223554c08_1692787496"", 999, 810, 1012, ""jpg"", [3], []]]"
1.00112E+11,ูพูุดุงฺฉ ุฒูุงูู ฺุงูพู,"ุณุช ูุฑุฒุด ุฏุงุฑู ุงูุดุจ
ุณููุณุ ุงูุฑุฌูุงู ู ฺฏุฑู ุจุงูุง
ุฎู ุฌูุณุด ุฎูุจูุ ูุฑุณุงุฒู ุชุง ดด 
ููุชุด ุฑู ูู ุฎู ุฎูุจ ุฒุฏู ุฏุฑ ุตูุฑุชฺฉู ุฏููุง ูููฺฉุงุฑ ุฑู ุฌุง ุฏฺฏู ุฒุฑ ตฐฐ ููุชููุฏ ูพุฏุง ฺฉูุฏ
โข
ุณุช ุณููุณ
ูุงุฑุฏุงุช
ฺฏุฑู ุจุงูุง
ูุฑุณุงุฒ ุชุง ดด
ุฑูฺฏุจูุฏ ูุทุงุจู ุชุตูุฑ
ููุช ณธน ูุฒุงุฑ ุชููุงู ูุฒูู ุงุฑุณุงู ณทฐฐฐูุฒุงุฑุชููู ูุทูุง ูุฑ ฺฉุงุฑ ุฑู ุฎูุงุณุชุฏ ููุฌูุฏ ุจฺฏุฑู","[[""a2c123dddc7cd819a4afc92daf1050d9816e0b5d_1691829469"", 999, 1023, 1280, ""jpg"", [3], []], [""19d719ddd64991734c6415f349b05df853150406_1691829472"", 999, 1280, 1280, ""jpg"", [3], []], [""efa7fc4b842661ed358675755202d907444de159_1691829475"", 999, 1080, 1080, ""jpg"", [3], []], [""c802c1a743138dcf76dd3cc82813cfa52d5dfa86_1691829478"", 999, 1280, 1280, ""jpg"", [3], []], [""5449f59789288008284ee9e26bf9fd34630c8344_1691829480"", 999, 1280, 1280, ""jpg"", [3], []]]"
1.00112E+11,ุดููุฒ ุฏุงูู + ฺฉูุฑุจูุฏ,"๐ ุดูุงุณู : #339
๐ูุงู : ุดููุฒ ุฏุงูู + ฺฉูุฑุจูุฏ
๐ุงู ุฏฺฏู ุฒุงุฏ ูุดูฺฏูโบ๏ธ๐๐ธ
ููู ุฏุฎุชุฑุง ุจุงุฏ  ุจููุฒ ู ุฏุงูู ฺฉููููุด ุฏุงุดุชู ุจุงุดู ฺฉู ูุงุฒุดูู ฺูุฏ ุจุฑุงุจุฑ ุดู๐๐
ฺฉูุช  ุนุงุงุงู๐ 
๐ุณุงูุฒ 1:
ูุฏ ุดููุฒ 44 ูพููุง 33 ุขุณุชู40 ูุฏ ุฏุงูู 27
๐ุณุงูุฒ 2:
ูุฏ ุดููุฒ 46 ูพููุง 34 ุขุณุชู42 ูุฏ ุฏุงูู 30
๐ุณุงุฒ 3:
ูุฏ ุดููุฒ 48 ูพููุง36 ุขุณุชู 44 ูุฏ ุฏุงูู 33
๐ุณุงุฒ 4:
ูุฏ ุดููุฒ 50 ูพููุง 38 ุขุณุชู46 ูุฏ ุฏุงูู 36
๐ุณุงุฒ 5:
ูุฏ ุดููุฒ 52 ูพููุง 40 ุขุณุชู48 ูุฏ ุฏุงูู 39
โ๏ธุจู ุฏูู ุดุฑุงุท ููุฑ ููฺฉูู ุนฺฉุณ ฺฉุงุฑ ฺฉ ูพุฑุฏู ูพุฑุฑูฺฏโุชุฑ ุง ฺฉูุฑูฺฏโุชุฑ ุจุงุดู.
๐ุญุชูุง ฺฉ ุชุง ุฏู ุณุงูุช ุฎุทุง ุงูุฏุงุฒู ฺฏุฑ ุฏุฑูุธุฑ ุจฺฏุฑุฏ.
 ๐งตุฌูุณ : ุฌูุณ ุดููุฒ ฺฉุชุงู ูพููพูู 
ุฌูุณ ุฏุงูู ฺฉุชุงู ฺฉุฌุฑุงู
๐ ุฑูฺฏ ุจูุฏ :  ุชฺฉุฑูฺฏ - 
โ๏ธ ุณุงุฒ ูุง : 1 - 2 - 3 - 4 - 5 - 
๐ฐ ููุช : ตฒฐฐฐฐุชููุงู
ุงุฑุณุงู ุฑุงฺฏุงู","[[""65f475d1bd5518715c380180596952141505b5c8_1727008217"", 999, 960, 1280, ""jpg"", [3], []], [""352fad941ce904b962427b38f70dec727ed59a4a_1727008218"", 999, 960, 1280, ""jpg"", [3], []], [""d8c6d5bb49aa4be10e7b62fe0590e861b998dc3d_1727008218"", 999, 960, 1280, ""jpg"", [3], []], [""4480927f3cc5bca5cab0718104fabfc59e1b4af6_1727008218"", 999, 960, 1280, ""jpg"", [3], []]]"
1.00112E+11,ุงุฑูพุงุฏ m19 ฺุฑุงุบ ููู ุฏุงุฑ ูพุงูุฑ ุจุงูฺฉ ุฏุงุฑ,ุจูุงู ุฎุฏุง. ุงุฑูพุงุฏ m19 ูพุงูุฑ ุจุงูฺฉ ุฏุงุฑุฏ.ุฌูุณ  ุฏุฑุฌู ฺฉ  qc   ุตุฏุง ู ุจุณ ุนุงู ู.             ูฺฉุงููู ุจุฏูู ููุฒ ุตูุญู ููุณ ุฏุงุฑุง ููุงุดฺฏุฑ ุฏุฌุชุงู  ูู ุญุถูุฑ ุฏุฑ ููุฒู ูุชููุฏ ุฎุฑุฏ ฺฉูุฏูู ุงุฑุณุงู ฺฉูู.  ุจุฑุงุชูู ูุฒูู ุงุฑุณุงู ุจุฑ ุนูุฏู ุฎุฑุฏุงุฑ ูโุจุงุดุฏ. ุงูุจุงฺฉุณ ุดุฏู ูู ุชู ุนฺฉุณ ูุณุช,"[[""9b2e497a8a1cda0d49cc4d459778e185569038c5_1717105182"", 999, 1080, 1920, ""jpg"", [3], []], [""2228e840b00104137911ce93a115a13fa450e839_1717105298"", 999, 3000, 4000, ""jpg"", [3], []], [""7dec55f0debff6b5b328009f2057cfd6e6b8cb65_1717105304"", 999, 3000, 4000, ""jpg"", [3], []], [""dacb2b28972d4500a742f33c36fdce0f36b3af72_1717105305"", 999, 3000, 4000, ""jpg"", [3], []], [""2e4b7bb8de069ea51f781de9ec07964af0e16f34_1717105314"", 999, 3000, 4000, ""jpg"", [3], []]]"
1.00112E+11,ุขููพู ูุงุฑ ุฎูุฏุฑู ฺฉุงุฑูุง ูุฏู ZX-5044,"ุงุฑุณุงู ุจุง ูพุณุช ู ุชูพุงฺฉุณ
ูุดุฎุตุงุช: ุฏุงุฑุง ุญุฏุงฺฉุซุฑ ุชูุงู : 2400 ูุงุช ย ( 4 ุนุฏุฏ 600 ูุงุช ) 
RMS ุชูุงู ุงุณู ุฏุฑ ููุงููุช 4 ุงูู : 4 ุนุฏุฏ 50 ูุงุช
 RMS ุชูุงู ุงุณู ุฏุฑ ููุงููุช 2 ุงูู : 4 ุนุฏุฏ 80 ูุงุช ุฏ
 ุทุฑุงุญ ูุฏุงุฑ ุชุฑุงูุฒุณุชูุฑ ุชูุงู Mosfet 
ุชูุธูุงุช ูุฌุฒุง ุจุฑุง ูุฑฺฉุงูุณูุง BSS EQุ LPFุ HPF ุณฺฏูุงู ุจู ููุฒ : 90 ุฏุณุจู
 ุฏู ุนุฏ ููุฒ 20 ุขููพุฑ 
ูุงุจูุช ุจุฑุฌ ฺฉุฑุฏู ุฏู ฺฉุงูุงู ุฌูุช ุฑุงู ุงูุฏุงุฒ ุณุงุจ ูููุฑ
 ูุฏุฑุช ุฎุฑูุฌ ุจุณุงุฑ ูู
 ููุชุฑ ุชููุช ู ุญุฐู ูุฑฺฉุงูุณูุง ุฒุงุฏ (ููุฒ) 
ูุฌูุฑ ุจู ูุฏุงุฑ ูุญุงูุธุช ุฏุงุฑุง ุฎุฑูุฌ ูููู ุจุฑุง ุฑุงู ุงูุฏุงุฒ ุณุงุจ ูููุฑ ุงุจุนุงุฏ:ย 280mm*200mm*59mm ย","[[""108e120b7ec7c9458bd6416da8325d76117ffee0_1699592394"", 999, 225, 225, ""jpg"", [3], []]]"
1.00112E+11,ูุฏุงุฏ ุณูุฏ ฺุดู ,"๐คูุฏุงุฏ ฺุดู ุณูุฏmoda

๐คุถุฏ ุญุณุงุณุช
๐คุถุฏ ุขุจ
๐คููุงูู ุฏุฑ ุจุฑุงุจุฑ ุชุบุฑ ุญุฑุงุฑุช
๐คุฑูุงู ู ูุฑู

","[[""3233aae5256805e6576a77a6da5bde0e7ad604f2_1685878277"", 999, 1280, 1280, ""jpg"", [3], []]]"
1.00113E+11,ุนุฑูุณฺฉ ููุด ููุดฺฉ ,ุงุจุนุงุฏ ฒตุฏุฑ ฒฐ ุฏุฑ ฑต,"[[""281b047ab2ccf7f34bf539e37c8a2c32bb337c40_1673614534"", 999, 1332, 1975, ""jpg"", [3], []], [""f58bf7d2103655ed4ef7bb16a837902c8c74351e_1673614537"", 999, 1176, 1647, ""jpg"", [3], []]]"
1.00113E+11,ุชููุฑ ูุงููุฑููฺฉ ุงุณุฏ ุจูุขฺฉูุง,"โฌ๏ธโฌ๏ธโฌ๏ธโฌ๏ธโฌ๏ธโฌ๏ธโฌ๏ธ
โฌ๏ธุฏุฑุจุงุฑู ูุญุตููโฌ๏ธ
โฌ๏ธโฌ๏ธโฌ๏ธโฌ๏ธโฌ๏ธโฌ๏ธโฌ๏ธ
ูุฑุทูุจ ฺฉููุฏู
ุจุงุณุงุฒ ฺฉููุฏู ูพูุณุช
ุฌุฐุจ ุขุณุงู
ุจูุจูุฏ ุฎุดฺฉ ูพูุณุช
ุทุฑุงูุช ุจุฎุด
ุญุงู ูุงููุฑููฺฉ ุงุณุฏ 
ุญุงู ฺฏูุณุฑู
ุญุงู ุฑูุบู ฺฉุฑฺฺฉ
โฌ๏ธโฌ๏ธโฌ๏ธโฌ๏ธโฌ๏ธโฌ๏ธโฌ๏ธ
โฌ๏ธุทุฑูู ุงุณุชูุงุฏูโฌ๏ธ
โฌ๏ธโฌ๏ธโฌ๏ธโฌ๏ธโฌ๏ธโฌ๏ธโฌ๏ธ
ุจุนุฏุงุฒ ูพุงฺฉุณุงุฒ ูพูุณุช ููุฏุงุฑ ููุงุณุจ ุงุฒ ุงู ูุญุตูู ุฑุง ุจุง ุงูฺฏุดุชุงู ุง ูพุฏ ูพูุจู ุง ฺฏุฑูุชู ู ุจู ุทูุฑ ฺฉููุงุฎุช ุฑู ูพูุณุช ุตูุฑุช ุฎูุฏ ุจูุงูุฏ ูุจู ุขุฑุงู ูุงุณุงฺ ุฏูุฏ ุชุง ุฌุฐุจ ูพูุณุช ุดูุฏ.ูุฑุฑูุฒ ุงุณุชูุงุฏู ุดูุฏ
โฌ๏ธโฌ๏ธโฌ๏ธโฌ๏ธโฌ๏ธโฌ๏ธโฌ๏ธ
โฌ๏ธูุดุฎุตุงุช ฺฉุงูุงโฌ๏ธ
โฌ๏ธโฌ๏ธโฌ๏ธโฌ๏ธโฌ๏ธโฌ๏ธโฌ๏ธ
ูุฒู ุฎุงูุต: 150 ฺฏุฑู 
ุชุงุฑุฎ ุงููุถุงุก: 2026/02/12
ุจุงุฑฺฉุฏ ุงุตุงูุช: 6947790793931","[[""63c04dcb0b17e61ce2645ddf7a8a1db900f783f0_1714760848"", 999, 4608, 3456, ""jpg"", [3], []], [""441651019a9f344806452845c4c9f9b718993f50_1714760849"", 999, 4608, 3456, ""jpg"", [3], []]]"
1.00113E+11,ูุงุณฺฉ ูุฑูู ุง ุฒุบุงู,"ูพุงฺฉุณุงุฒ ุนูู ูพูุณุช ุจุง ุฑูุด ุณูโุฒุฏุง
 ุตุงู ฺฉุฑุฏู ูพูุณุช
ูุฑุทูุจ ู ุฏุฑุฎุดุงู ฺฉุฑุฏู ูพูุณุช
ุชุฑูู ูพูุณุช ุฎุดฺฉ
ูุฑู ุดุฏู ูพูุณุช ฺฉุฑุงุชููุณุช ูุง
ุงุฌุงุฏ ุธุงูุฑ ุณุงูู ุจุฑุง ูพูุณุช
ุงุฒ ุจู ุจุฑุฏู ุฌูุด ูุง ุณุฑุณุงู","[[""371987f137ad959dea193b5a8878f2b475955a62_1687524708"", 999, 800, 800, ""jpg"", [3], []]]"
1.00113E+11,   ุฎูุฑ ุฏูุฏุงู ุชุณูุง ูุฏู Natural Sugar ูุฒู 100 ฺฏุฑู,"        ุจุฑุง ุฎุฑุฏุ ุฑู ฺฏุฒูู ""ุงูุฒูุฏู ุจู ุณุจุฏ ุฎุฑุฏ"" ฺฉูฺฉ ฺฉุฑุฏู ู ุงุฒ ุทุฑู ุฏุฑฺฏุงู ูพุฑุฏุงุฎุช ุงูู ูพูุฏู ุณูุงุฑุด ุฎูุฏ ุฑุง ุซุจุช ฺฉูุฏ.
ุจุฑุง ุงุฌุงุฏ ุชุฌุฑุจู ฺฉ ูุนุงููู ุงูู ูุจูุบ ูุงุฑุฒโุชุงู ุชุง ุฒูุงู ุชุงุฏ ุฏุฑุงูุช ฺฉุงูุง ุชูุณุท ุดูุง ุจู ุงูุงูุช ูุฒุฏ ูพูุฏู ุจุงู ุฎูุงูุฏ ูุงูุฏ.","[[""fc906e040003d3d67d2087fb0d0b3a9416640a70_1694080714"", 999, 1181, 1181, ""jpg"", [3], []]]"
1.00113E+11,ฺฉุชุงุจุฎุงูู ูุฏู ุฏุฑุฎุช,ฺฉุชุงุจุฎุงูู ุฏุฑุฎุช ท ุดุงุฎู,"[[""3b50a890ebf86c994616d79f6861a0ad90e4e367_1729967009"", 999, 1080, 2408, ""jpg"", [3], []], [""927b3e4a933b18d3cc4d47689d8fc936118a84a3_1729967009"", 999, 1080, 2408, ""jpg"", [3], []], [""b469d1ab487e7bfa645c36075160e49480587716_1729967009"", 999, 1080, 2408, ""jpg"", [3], []], [""ba2f52261a5ae2dbc23b34e8a917b0545793af79_1729967011"", 999, 1080, 2408, ""jpg"", [3], []], [""b5c9483a4ee3f2a2e34a933d7e7920b4d3d81467_1729967011"", 999, 1080, 2408, ""jpg"", [3], []]]"
1.00113E+11,ููุงุฑู ูุตููุน pdo ,"ุจุฑุง ุงุฌุงุฏ ุฏฺฉูุฑุงุณูู ุฒุจุง ู ฺุฑุงุบุงู ุฏุฑ ุดุจ ู ุงุฌุงุฏ ูุญุท ุขุฑุงูุด ุจุฎุด ุฏุฑ ููุฒู ุฏุฑฺฉูุงุฑ ูพฺฉ ูฺฉ ูุง ุดุจุงูู ู ูุฌุงูุณ ู ูููุงู ุจูุชุฑู ุงูุชุฎุงุจ ุงุณุชูุงุฏู ุงุฒ ุงู ููุงุฑู ูุง ููุฑุงู ุฒุจุง ู ููู ุงูุนุงุฏู ูุจุงุดุฏ.

","[[""2b99eaf731711c5b752d5b6ffb557bd78d8b0f16_1699353799"", 999, 800, 800, ""jpg"", [3], []], [""1ac96cacb52857320ba83fb423ca1051511181ac_1699353799"", 999, 800, 800, ""jpg"", [3], []], [""77b1823824671881fa55b6cd0d42104b2cb337ad_1699353799"", 999, 800, 800, ""jpg"", [3], []], [""704334c8ed432de7fc7f12e262ed09b48b1191e5_1699353799"", 999, 800, 800, ""jpg"", [3], []], [""9c0585d1b90d1f10ab3d0f0b78dcfb73ad37a77d_1699353799"", 999, 1080, 1080, ""jpg"", [3], []]]"
1.00113E+11,ุตุงุจูู ุฒุฑุฏฺูุจู ฺฏุงู 80 ฺฏุฑู ุจุฑูุฏ ุณูุงุฒุฑ,"ุฎูุงุต ุตุงุจูู ุฒุฑุฏฺูุจู :
ูุงู ุจุฑุฏุงุฑ ู ุฑูุดู ฺฉููุฏู ูู ูพูุณุชุ ุชุงูู ุฑุทูุจุช ู ููุงุฏ ูุบุฐ ูพูุณุชุ ุฌููฺฏุฑ ุงุฒ ูพุฑ ุฒูุฏุฑุณ ูพูุณุชุ ุฑูุน ุขฺฉูู ู ุฌูุด
ููุงุณุจ ุจุฑุง :
ุชูุงู ุงูุฑุงุฏุ ุตูุฑุช ู ุจุฏูุ ุฌูุด ูุง ุณุฑ ุณุงู ูโฆ
ุญุงู ุนุตุงุฑู ุฒุฑุฏฺูุจูุ ุฑูุบู ูุง ฺฏุงู ( ฺฉุฑฺฺฉุ ูุงุฑฺฏูุ ุขูุชุงุจฺฏุฑุฏุงู ูโฆ )
ูุงูุฏ ููุงุฏ ุดูุงุ ุชูู ุดุฏู ุงุฒ ูุฑุบูุจ ุชุฑู ุฑูุบู ูุง ู ุนุตุงุฑู ฺฏุงูุงู ุฏุงุฑู
ุชุงุฑุฎ ุงููุถุง 2 ุณุงู ูพุณ ุงุฒ ุชููุฏ / ูุฒู 80 ฺฏุฑู
ุงุฑุณุงู ุจู ุณุฑุงุณุฑ ฺฉุดูุฑ ุจุตูุฑุช ุฌุฒุฆ ู ุนูุฏู","[[""9e66e5212d107478114fc1bfc267fe073902c48a_1711812259"", 999, 894, 894, ""jpg"", [3], []]]"
1.00113E+11,ูุฏุณุช ุจููุชูุซ ุงูฺฉุฑ ูุฏู SoundCore Life Q30,"ูุฏููู ุงูฺฉุฑ ูุฏู SoundCore Life Q30
ูุดุฎุตุงุช ุฑู ุฏุฑ ุฏุฌโฺฉุงูุง ูุดุงูุฏู ูโฺฉูุฏโ
ุงุฑุณุงู ุฑุงฺฏุงู ุจู ุณุฑุงุณุฑ ฺฉุดูุฑโ
ูุถุนุช ูุฏููู ููโ
ุฌุฒู 10 ูุฏููู ุจุฑุชุฑ ุณุงู 2022โ
18 ูุงู ฺฏุงุฑุงูุช ุขุฑูุงู ููุฑุงู ุงุฑุชุจุงุทุงุช ุขุฑุงโ
ุงฺฏุฑ ุชุง ุญุงูุง ุชุฌุฑุจู ุงุณุชูุงุฏู ุงุฒ ูุฏููู ุจุฑูุฏ ู ูพุฑฺูุฏุงุฑ ุฑู ูุฏุงุดุชุฏ ูุชููู ุจฺฏู ุตุฏุง ุงู ูุฏููู ุจูุชุฑู ุตุฏุง ูุดู ฺฉู ุชุง ุญุงูุง ุชู ุนูุฑุชูู ุดูุฏุฏ!
ุจุงุณ ูุฏุฑุชููุฏ ู ูุฑู!
ุชูฺฉฺฉ ุตุฏุง ููู ุงูุนุงุฏู!
ุชุฌุฑุจู ุตุฏุง ุดูุงู ู ุจุณุงุฑ ุจุงฺฉูุช ุจู ุชุงุฏ ููฺฏู Hi-Res Audio!
ููุฒ ฺฉูุณููฺฏ ุจุงูุฑูฺฉุฑุฏู! (ฺฉู ุฏุฑ ุจู ุฑูุจุง ุจู ูพุงุฏุดุงู ููุฒ ฺฉูุณููฺฏ ูุนุฑููู!)
ูุงูุฏฺฏุงุฑ ุดุงุฑฺ 60 ุณุงุนุช ฺฉู ุจุง ุฎุงู ุฑุงุญุช ูุชููุฏ ุงุฒ ูุฏููู ุงุณุชูุงุฏู ฺฉูุฏ ู ูุฐุช ุจุจุฑุฏ!
ูุณุช ุดุงุฑฺ ุจุง ูพูุฑุช Type-C ูพูุฌ ุฏููู ุดุงุฑฺุ 4 ุณุงุนุช ูพุฎุด ููุณู!
ุดุงุฑฺ ฺฉุงูู ุฏุฑ ฺฉูุชุฑ ุงุฒ 100 ุฏููู!
ฺฉุงูุง ุขฺฉุจูุฏ ูุณุช ู ุฏุฑ ุญุฏ ุฏู ุณู ุจุงุฑ ุดุงุฑฺ ฺฉุงูู ุงุณุชูุงุฏู ุดุฏู ฺฉู ุจู ุฏูู ูุดฺฉู ูุงู ฺฉู ุจุฑุงู ูพุด ุงููุฏ ูุฌุจูุฑ ุจู ูุฑูุด ููุฑ ูุฏููู ุดุฏู!
ููุช ูู ฺฉู ุฎูุฏุชูู ูุดุงูุฏู ูโฺฉูุฏ ฺฉู ุชูุฑุจุงู 800 ูุฒุงุฑุชููุงู ุฒุฑ ููุช ุฏุฌ ฺฉุงูุง ุซุจุช ุดุฏู ฺฉู ุจู ุฏูู ูุฑูุด ููุฑ ู ฺูุฏ ุจุงุฑ ุงุณุชูุงุฏู ุงู ูุจูุบ ุงุฒ ูุฏููู ฺฉุณุฑ ุดุฏู!","[[""bc381b6b534220ea5fbb4ee71495a9a4ce6cbeb6_1674756732"", 999, 1075, 1217, ""jpg"", [3], []], [""2af501de56d34b51e582648a58c0c5a6cfd70414_1674756732"", 999, 943, 529, ""jpg"", [3], []], [""74b212d982e42dbcf1f96c873a434819f9ed68da_1674756733"", 999, 800, 800, ""jpg"", [3], []], [""5f2940f3014cbe40d0659926118a0aa3c2fbb7e7_1674756735"", 999, 3840, 2160, ""jpg"", [3], []]]"
1.00113E+11,ฺฏุงุฑุฏ.ฺฉุงูุฑ ุดุงุฆูู POCO-X4PRO-5Gูุฏู ูพุงูพ ุณูฺฉุช ุฏุงุฑ ุทุฑุญ ููุจ ุตูุฑุช,"ุงู ููุน ฺฏุงุฑุฏ ุดฺฉู ูุง ุจุณุงุฑ ุฒุงุฏ ุฏุงุฑุฏ ู ุฌูุณ ุฎูุจ ู ุจุง ฺฉูุช ูุณุช ู ุฎูุจ ฺฉู ุฏุงุฑุฏ ูพุงูพ ุณูฺฉุช ูู ุดฺฉู ฺฏุงุฑุฏ ุฏุฑ ฺฉูุงุฑ ุขู ูุณุช ู ูุชูุงูุฏ ุฏุฑ ุตูุฑุช ูุงุฒ ุขู ุฑุง ูุตุจ ฺฉูุฏ ู ุงุฒ ุฒุจุง ุฏู ฺูุฏุงู ุจูุฑู ุจุจุฑุฏ.
ุฌูุณ ุจุณุงุฑ ูุญฺฉู ู ูุฒู ูุชูุงุณุจ ฺฏูุด ุดูุง ุฑุง ุจุฒุฑฺฏ ุชุฑ ุงุฒ ุฎูุฏุด ูุดุงู ูู ุฏูุฏ.","[[""a5ef7353cdaef2194c845fac8886b3ba9e2cfa10_1684762516"", 999, 512, 512, ""jpg"", [3], []], [""a7862d3b53e22dd165b000b96afe66dd8754b8e1_1684762516"", 999, 512, 512, ""jpg"", [3], []]]"
1.00113E+11,ุงุณูพุฑุณูุณุงุฒ ููุง ูุฏู NOVA 149,"ุงุฑุณุงู ุฑุงฺฏุงู
ูพุฑุฏุงุฎุช ุฏุฑ ูุญู
ุณูพุฑุณูุณุงุฒ ููุง ูุฏู 149

ุฌูุณ ุจุฏูู

ุงุณุชู

ููุดุฏูโูุง ูุงุจู ุชูู

ุงุณูพุฑุณู , ฺฉุงูู ูุงุชู , ููฺฉุง , ฺฉุงูพูฺูู

ุชุนุฏุงุฏ ูุงุฒู ูููู

ฺฉ ุนุฏุฏ

ุณุณุชู ุงูู

ุฏฺฉูู ุชููู ุนููุงุช

ุฏุณุชฺฏุงู ููุงุด ูุถุนุช

ูุดุงู ฺฏุฑ ุขูุงุฏู ุจู ฺฉุงุฑ

ูุงุจูุชโูุง

ูุงุจูุช ุชูุธู ูุฒุงู ุขุจ

ูฺฺฏโูุง ูุธุงูุช

ุณุณุชู ุดุณุชโูุดู ุฎูุฏฺฉุงุฑ

ูุงุจูุช ุชูุธู ูุฒุงู ุจุฎุงุฑ

ุณุงุฏู

ุชูุงู

1250 ูุงุช

ูุงุจูุช ุงุณุชูุงุฏู ุงุฒ

ูพูุฏุฑ ูููู

ุงูฺฉุงูุงุช ุงุณูพุฑุณูุณุงุฒ

ุชููพุฑ ูููู , ุชููุฏ ฺฉู ุดุฑ , ุญุงูุช ุขูุงุฏู ุจู ฺฉุงุฑ , ุณู ฺฺฉู ฺฏุฑ , ูุงุฒู ุจุฎุงุฑ

ุญุฌู ูุฎุฒู ุขุจ

1.2

ุญุฌู ูุฎุฒู ุฏุงูู ูููู

ูุฏุงุฑุฏ

ูุดุงุฑ ุจุฎุงุฑ

15

ุธุฑูุช ูุฎุฒู

1.2

12ูุงู ุถูุงูุช ูุนุชุจุฑ ุดุฑฺฉุช

","[[""968e2c1a8ae3435553eeb0ababfe6290847d6ace_1674147583"", 999, 600, 600, ""jpg"", [3], []], [""fde24bb56fd4b5789899fb19dc4a3f58a61f137a_1674147589"", 999, 600, 600, ""jpg"", [3], []]]"
1.00113E+11,ฺฉูุด CK ูุดฺฉ ู ุนุณู,"ูุชูุงูุช ุชุฑ ุงุฒ ููุดู
ฺฉูุด ูุฑุฏุงูู CK ุทุฑุญ DARA
ุจุณุงุฑ ุดฺฉ ุจุง ฺฉู ุฏูุฎุชู ุดุฏู
ุณุงุฒุจูุฏ 41 ุงู 44

ูพุฑุฏุงุฎุช ุฏุฑุจ ููุฒู","[[""762cfd76d3d7a312d7adfbd52b40264554300f2c_1708666000"", 999, 800, 800, ""jpg"", [3], []], [""cef9f64eb290d503de8298981d81ec8b4d7a94ce_1708666002"", 999, 800, 800, ""jpg"", [3], []]]"
1.00113E+11,ููู ฺฏุฑูฺฉู ุจุฑูุฏ ูุฑูุงุฑุฏ,ฺฉ ุนุฏุฏ ุฏุณุชฺฏุงู ููู ฺฏุฑูฺฉู ุฎุดุงุจ ูุฑูุงุฑุฏุฏ ููุฑุงู ูพุฏ ูุง ูุฎุตูุต ุฏุณุชฺฏุงู ุจุฑู ููุงุณุจ ุงุตูุงุญ ูููุง ุฒุงุฆุฏ ุจุฏู ฺฉุงููุง ูู ุจูุฑุงู ุฌุนุจู ู ุชูุงู ููุงุฒู ููุฑุงูุดู ุฏุงุฑู ,"[[""5fe8b5603f58af24559f8111cae10280fc9aff2a_1667656277"", 999, 4000, 3000, ""jpg"", [3], []], [""b1533eca1a3df00d7852fece1ee10bb3814fd9ec_1667656286"", 999, 4000, 3000, ""jpg"", [3], []], [""1a49d46b196092642edcb180ba75f84ae5232ced_1667656287"", 999, 4000, 3000, ""jpg"", [3], []], [""c7e97cbd6277a46df73d3314fcaa82a3617ac65a_1667656295"", 999, 4000, 3000, ""jpg"", [3], []]]"
1.00113E+11,ุจุงฺฉุณ ูุจุงุณ ุงูุดู ููู ูุฏู KUCUK GRI A,ฺฉุณู ุฐุฎุฑู ุณุงุฒ ฺฉุงุฑุจุฑุฏุ ุดฺฉ ู ุชุฒุฆู ฺฉู ุฏุฑ ุขู ู ุชูุงูุฏ ุจุง ุฎุงู ุฑุงุญุช ุทู ูุณุน ุงุฒ ูุญุตููุงุชุ ุงุฒ ูุจุงุณ ฺฏุฑูุชู ุชุง ููุญููุ ุงุฒ ูุญุงู ฺฏุฑูุชู ุชุง ุณุงุฑ ูุญุตููุงุช ูุณุงุฌ ุฎุงูฺฏ ุฑุง ุฏุฑ ุขู ูฺฏูุฏุงุฑ ฺฉูุฏ. ุจุฑุง ุงุณุชูุงุฏู ุฏุฑ ฺฉุงุจูุช ูุง ู ุฏุฑ ูุฑ ูุณูุช ฺฉู ูุงุฒ ุจู ูุธู ุฏุงุฑุฏ ููุงุณุจ ุงุณุช. ุจู ุฏูู ูููุฐ ูุงูพุฐุฑ ููุงุ ู ุชูุงูุฏ ูุณุงู ุฎูุฏ ุฑุง ุจุง ูุญุงูุธุช ุงุฒ ุขููุง ุฏุฑ ุจุฑุงุจุฑ ุฑุทูุจุช ู ฺฏุฑุฏ ู ุบุจุงุฑ ูฺฏูุฏุงุฑ ฺฉูุฏ. ุจุง ุทุฑุงุญ ุชุงุดูุ ุฏุฑ ุตูุฑุช ุนุฏู ุงุณุชูุงุฏูุ ูุถุง ุฑุง ุงุดุบุงู ูู ฺฉูุฏ. ุจู ูุทู ุฒูพ ุฏู ุทุฑูู ุขูุ ุงุณุชูุงุฏู ุขุณุงู ุฑุง ูุฑุงูู ู ฺฉูุฏ.,"[[""d593d013482010b19ba6833d70fedf4436c6cd39_1675618903"", 999, 800, 800, ""jpg"", [3], []], [""93eff0c8865c2c836bda051898c563cef3d98c70_1675618908"", 999, 800, 800, ""jpg"", [3], []], [""bfa2ca85cc66ffcfe80f9ed77f777ab5e5c96900_1675618914"", 999, 800, 800, ""jpg"", [3], []], [""320f9b4cdc0876fb05d7b55577456e4a47e11264_1675618918"", 999, 800, 800, ""jpg"", [3], []], [""c8da96268d760f487845e0a7dbd6061f8a837fe9_1675618921"", 999, 800, 800, ""jpg"", [3], []]]"
1.00113E+11,ฺฉุช ุฒูุงูู ,"ฺฉุช ููู ูฺุฑุงู ุขุณุชู ุงูุชุงุฏู
ูพุงุฑฺู ุณูุฒู ุฏูุฒ ู ูพููฺฉ ุฏูุฒ ููุฏ
ุจููุฏ ธฐ
ูุฑ ุณุงุฒ
ูุฑูุด ุจุตูุฑุช ุนูุฏู ู ุชฺฉ
ุงุฑุณุงู ุจู ุชูุงู ููุงุท ฺฉุดูุฑ ุญุช ุณูุงุฑุดุงุช ูพุฑ ุชุนุฏุงุฏ ","[[""a1facb6b6949dc09654410ff6ae8e4bfaef788df_1677084886"", 999, 1080, 1355, ""jpg"", [3], []], [""c2775abf90c8b9623c2575e0dc37edaf2be0dd8b_1677084887"", 999, 1080, 920, ""jpg"", [3], []]]"
10011310325,ุณุงูุณููฺฏ S23 5G ุตูุฑ,"samsung galaxy S23 5G

ุงุจุนุงุฏ
158x76.5x8.2 ูููุชุฑ (6.22x3.01x0.32 ุงูฺ)
ูุฒู
209 ฺฏุฑู (7.37 oz)
ุณุงุฎุชุงุฑ
ุฌูู ุดุดู (ฺฏูุฑูุง ฺฏูุณ 5), ูพุดุช ุดุดู (ฺฏูุฑูุง ฺฏูุณ 5), ูุฑู ุงุฒ ุขูููููู

ุงูุฏุงุฒู
6.4 ุงูฺ, 100.5 ุณุงูุชูุชุฑ ูุฑุจุน (ูุณุจุช ุณุทุญ ุตูุญู ููุงุด ุจู ุจุฏูู ุฏุฑ ุญุฏูุฏ 83.2 ุฏุฑุตุฏ)

ฺฉูุฑููฺฏ ฺฏูุฑูุง ฺฏูุณ 5
ุฒูฺฏ
ุจููุฏฺฏู
ุฏุงุฑุฏ, ุงุณูพฺฉุฑูุง ุงุณุชุฑู
3.5mm jack


ฺฉุงุฑุช ุญุงูุธู

ุฏุงุฎู ุฏุณุชฺฏุงู
64GB 8GB RAM,
ุฏูุฑุจู ูพุดุช
ุณู ููุฒ ูุฌุฒุง
50 ูฺฏุงูพฺฉุณู, f/1.8, 24mm (wide), PDAF, OIS
8 ูฺฏุงูพฺฉุณู, f/2.4, 75mm (telephoto), PDAF, ุฒูู ุงูพุชฺฉุงู 3 ุจุฑุงุจุฑ
12 ูฺฏุงูพฺฉุณู, f/2.2, 123รลก (ultrawide)

ููุด LED, ุชุตูุฑุจุฑุฏุงุฑ HDR, ูพุงููุฑุงูุง
ุฏูุฑุจู ุฌูู
ุชฺฉ ููุฒ
10 ูฺฏุงูพฺฉุณู, f/2.4, 26mm (wide)

ุงูฺฉุงูุงุช ุงุฑุชุจุงุท
ุณุฑุนุช
HSPA, LTE-A (CA), 5G
ุดุจฺฉู ุจ ุณู
Wi-Fi 802.11 a/b/g/n/ac/6e, ุจุงูุฏ ุฏูฺฏุงูู, Wi-Fi Direct

ุจููุชูุซ
5.3, 

GPS, GLONASS, GALILEO, BDS
NFC

USB ุชุงูพ ุณ,
ุงูุฏุฑูุฏ ฑณ, One UI 5.

CPUูุดุช ูุณุชู ุง
ุฑุงุฏู
ุญุณฺฏุฑูุง
ุงุซุฑ ุงูฺฏุดุช (ุฒุฑ ุตูุญู ููุงุด, optical), ุดุชุงุจ ุณูุฌ, ฺุฑูุณฺฉููพ, ูุทุจ ููุง","[[""fef52c5a7f618f54dbd1dc294e8b0c74b0f8f719_1704923362"", 999, 996, 996, ""jpg"", [3], []], [""469caa288eedd0b6e786d8ea290cd00778ea5189_1704923363"", 999, 983, 983, ""jpg"", [3], []]]"
10011311381,ุจุฑุงฺฉุช ฺฉุงุจู ุฐุฎุฑู ุณุงุฒ ฺูุฏ ููุธูุฑู ูพุฑููุงู ูุฏู PCK 004,"ฺฏุงุฑุงูุช: 6 ูุงู ฺฏุงุฑุงูุช ฺฉุงูุงู ุณุฑูุณ
ุฑูฺฏ: ุณูุฏ, ูุดฺฉ
ุฌูุณ ุจุฏูู: ABS
ุงุจุนุงุฏ: 80 * 68 * 11 ูู ูุชุฑ","[[""e73dfd5450dd6a01075596665f3d941b88cc0458_1715755491"", 999, 225, 225, ""jpg"", [3], []]]"
1.00113E+11,ูุจู ุงุฏุงุฑ ุขูู,"ุชููุฏ ฺฉููุฏู ุงููุงุน ูุจููุงู ุงุฏุงุฑ.
 ุฎุฑุฏ ุดูุง ุจู ุทูุฑ ูุณุชูู ุงุฒ ุชููุฏ ู ุจุงุดุฏ.
 ุชูุงู ูุญุตููุงุช ูุจููุงู ุงุฏุงุฑ ฺูู ุฏุงุฑุง ุถูุงูุช ูุงูู ู ุจุงุดุฏ.
 ุขุณูุฏู ุฎุงุทุฑ ุฎุฑุฏ ฺฉูุฏ","[[""3b46fde9c43d84f998618d041465f8331f45af75_1686042336"", 999, 810, 1080, ""jpg"", [3], []]]"
1.00113E+11,ฺฏูุดูุงุฑู ุญููู ุง ุดฺฉููู,"ุฑูฺฏ ุซุงุจุช
ูพููฺฉ ุดฺฉููู
ุฑูฺฏุจูุฏ:ุขุจุูุฑูุฒุุทูุงุููุฑู ุงุุณูุฏููุช ุฑูฺฏ","[[""b60a613e92728b6b251d5df737c463a3333de96f_1669484116"", 999, 3088, 3088, ""jpg"", [3], []], [""c1c565e4dbe6db5bb5ae3b54717a1860e1f30472_1669484135"", 999, 3088, 3088, ""jpg"", [3], []], [""bbdb63d5eb74f4c6f656647689f53def71c03d39_1669484142"", 999, 3088, 3088, ""jpg"", [3], []]]"
1.00113E+11,ุดุงูู ุดููู ุทุฑุญ ุทุงููุณ ,"ุทุฑุงุญ  ุงุฎุชุตุงุต  ฺฉูุฑุจุง 
ุชุฑฺฉุจ ุจ ูุธุฑ  ฺฉุฑุณุชุงููุง ู  ุชฺฉ ูุณุฎู ู ุจุงุดุฏ .","[[""0bc9fd210ecdfc078d55dedab6375c0622029fce_1717244210"", 999, 4000, 2250, ""jpg"", [3], []], [""a01e73348fdde51dd844e292a37ea13f0697dd8f_1717244210"", 999, 4000, 2250, ""jpg"", [3], []], [""4c31d870620272cea0042696e2e75fbc7013c140_1717244214"", 999, 4000, 2250, ""jpg"", [3], []], [""2493e74b2e8d6c4f5275c0d8c8e6213285b8b547_1717244214"", 999, 4000, 2250, ""jpg"", [3], []]]"
1.00113E+11,ููุฏุฒูุฑ ุจููุชูุซ ฺฉู ุณ ูุง ูุฏู T16,"ููุฏุฒูุฑ ุจููุชูุซโ ฺฉู ุณ ูุง ุดุงุฆูู
QCY T16 
ุจุง ูฺฉุงููู ุนุงู ู ฺฉูุช ููุณู ุจุงูุง
ุจุง ูพุดุชุจุงู ุงุฒ ูุฑูุช ูุง ูุฎุชูู ูพุฎุด","[[""5a39703542313b2cc22b311609b712e8c638bb59_1670619448"", 999, 1000, 1000, ""jpg"", [3], []]]"
1.00113E+11,ฺฉุด ูู ุฑุฒ ,"ฺฉุด ูู ุฑุฒ๐
ุจุณุชู 10 ุนุฏุฏ
๐จุฏุฑ 6ุฑูฺฏ
ููุช 6/000

๐ุจุงูุงุดฺฉ ู ุฎุงุต ุจูพูุดุฏ๐
๐ูุฑูุด ุญุถูุฑ ู ุขููุงู ุฏุงุฑู

*ุงุฑุฒุงูุณุฑุง ูพุฑุง*","[[""cd8dbaa88c7705b02f4943fc76a15a5f6beb27a4_1703925494"", 999, 1280, 910, ""jpg"", [3], []]]"
10011335303,ฺฏูุด ููุจุงู ุดุงุฆูู ูุฏู Redmi 12ุธุฑูุช 128 ฺฏฺฏุงุจุงุช ู ุฑู 8 ฺฏฺฏุงุจุงุช - ฺฏููุจุงู,"ฺฏูุด ููุจุงู ุดุงุฆูู ูุฏู Redmi 12 ุฏู ุณู ฺฉุงุฑุช ุธุฑูุช 128 ฺฏฺฏุงุจุงุช ู ุฑู 8 ฺฏฺฏุงุจุงุช - ฺฏููุจุงู

ุงุฑุณุงู ุจู ุณุฑุงุณุฑ ุงุฑุงู ","[[""56a47a4ddc5bb142c1bcb25c820eb4124175bfe2_1731669546"", 999, 225, 225, ""jpg"", [3], []]]"
1.00113E+11,ูุจุงุณ ุฎูุงุจ ณ ุชฺฉู ูุงูุชุฒ ุ ุจฺฉู ููุฑุงู ุจุง ุดููุงุฑ ,"ูุจุงุณ ุฎูุงุจ ูุงูุชุฒ ุฏูุจุฑุงูู ู ุฎุงุต
ุจฺฉู ููุฑุงู ุจุง ุดููุงุฑ
ุฑูฺฏุจูุฏ ุฒุจุง ู ุฎูุดุฑูฺฏ
ูุฑ ุณุงุฒ: ณถ ุชุง ดด
","[[""20a687aa19112016020deb6fdd8c833691ac57d6_1702394382"", 999, 1024, 1219, ""jpg"", [3], []], [""e91305e0880d0351697fd41bbfe5a9a1476af841_1702394390"", 999, 1024, 1222, ""jpg"", [3], []], [""ee56ad2f41d5b820846d83c3fb2ea5515dd2df35_1702394396"", 999, 1024, 1256, ""jpg"", [3], []], [""c87d7e8a6fcb46df6aefa51015b56dc1eeb7574d_1702394403"", 999, 1024, 1233, ""jpg"", [3], []], [""5b62c27f8e3409df1760e06814497d8f004865b3_1702394410"", 999, 1024, 1257, ""jpg"", [3], []], [""681d4fa588aee92ba638ed7ba008ddee3761f8a8_1702394416"", 999, 1024, 1237, ""jpg"", [3], []]]"
1.00113E+11,ุจุงุฒ Toy Story 3 ูุฎุตูุต xbox 360,"ุฏุงุณุชุงู ุงุณุจุงุจ ุจุงุฒ ูุง 3 ฺฉ ุจุงุฒ ูุฏุฆู ุฏุฑ ุณุจฺฉ ุงฺฉุดูุ ูุงุฌุฑุงุฌู ู ูุนูุง ุงุณุช ฺฉู ุชูุณุท ุดุฑฺฉุช Avalanche Software ุชูุณุนู ุงูุชู ู ุจู ูุณูู Disney Interactive Studios ุฏุฑ ฺูุฆู 2010 ุจุฑุง ูพูุชูุฑู ูุง ูพู ุงุณุชุดู 3ุ ุงฺฉุณ ุจุงฺฉุณ 360 ู ูุงฺฉุฑูุณุงูุช ููุฏูุฒ ููุชุดุฑ ุดุฏู ุงุณุช. ุจุฑุง ุณุงุฎุช ุดุฎุตุช ูุงุ ุงุชูุงูุงุช ู ุฑููุฏ ุฏุงุณุชุงู ุจุงุฒ ุงุฒ ุงููุดู ุจุง ููู ูุงู ุงููุงู ฺฏุฑูุชู ุดุฏู ุงุณุช. ุฏุงุณุชุงู ุจุงุฒ ุงุฒ ุขูุฌุง ุดุฑูุน ู ุดูุฏ ฺฉู ""ุงูุฏ"" ูุตุฏ ุฏุงุฑุฏ ุชุง ุชุญุตูุงุช ุฎูุฏ ุฑุง ุฏุฑ ุฏุงูุดฺฏุงู ุงุฏุงูู ุฏูุฏ ู ููู ุงูุฑ ุจุงุนุซ ู ุดูุฏ ุชุง ""ุจุงุฒ"" ู ""ููุฏ"" ฺฉู ููุฑุงูุงู ููุดฺฏ ุงูุฏ ุฏุฑ ุชูุงู ุฏูุฑุงู ุฒูุฏฺฏ ุจูุฏู ุงูุฏ  ูุณุจุช ุจู ุขูุฏู ู ุณุฑููุดุช ฺฉู ุจุฑุง ุขููุง ุฑูู ุฎูุงูุฏ ุฎูุฑุฏ ุจู ูฺฉุฑ ูุฑู ุฑููุฏ ู ุงุญุณุงุณ ุชุฑุณ ู ุชููุง ู ูุฑุงููุด ุดุฏู ฺฉููุฏ. ุจุงุฒ ุฏุงุฑุง ฺฏุฑุงูฺฉ ูุงูุชุฒ ู ุจุงุดุฏ ู ุฎูุจ ฺฉุงุฑ ุดุฏู ุงุณุช.

ุจุฑุง ุงุฌุฑุง ุงู ุจุงุฒ ูุงุฒ ุจู ฺฉูุณูู ฺฉูพ ุฎูุฑ ู ุขูพุฏุช ุดุฏู ู ุจุงุดุฏ","[[""850982ee34e7bfa7dfb8308814f7b9c88c63ace1_1703513759"", 999, 961, 1280, ""jpg"", [3], []]]"
1.00113E+11,ุณุช ูุฎ L&D ุขูุฏ ุขููุงู,"ุณุช ูุฎ ุจุณุงุฑ ุฒุจุง ู ุจุง ฺฉูุช
ุจุฑูุฏ L&D ุงุฒ ุดุฑฺฉุช ุขูุฏ ุขููุงู
ุณุงุฒ ฑ-ฒ ุณุงู
ุนุฑุถ ุณูู ณฐ.   ูุฏ ณท.    ูุฏ ุดููุงุฑ ตฑ","[[""4c60a2c84e869adc8e6c0c8a5a70adb75287bb65_1724393298"", 999, 1080, 1071, ""jpg"", [3], []], [""12de7cf8ecb14dd0e3b38aa0760c94dfba31ef56_1724393313"", 999, 1080, 1072, ""jpg"", [3], []], [""e3c7ae3a85356babf938cfd32dcff6ec905a2033_1724393313"", 999, 1080, 1075, ""jpg"", [3], []]]"
10011341765,ุณุฑุฎ ฺฉู ุจุฏูู ุฑูุบู ุดุงุฆูู ูุฏู MAF01,ุณุฑุฎ ฺฉู ุจุฏูู ุฑูุบู ุดุงุฆูู,"[[""2f70ce356fe2d3dca967eefccf9d3453a0544ced_1675672023"", 999, 3000, 4000, ""jpg"", [3], []], [""26ea424c965511851c23267e1daeb7708a4eebce_1675676088"", 999, 600, 600, ""jpg"", [3], []]]"
1.00113E+11,ูุธู ุฏููุฏู ฺฉู ูุดฺฉ ููุฑ,"ฺฉู ูพูู
ฺฉู ููุงุฒู ุขุฑุงุด 
ุงุฒ ุขููุงู ุฎุฑุฏุงุฑ ุดุฏู 
ฑฒ ุฏุฑ ฑฑ.ต ุณุงูุช
","[[""aa57aa5d098fc9ab9fb11385103f6030a487e27c_1716387900"", 999, 1080, 1080, ""jpg"", [3], []], [""f27839d4fec8f49937fdfabd3a24996a65ed40ef_1716387902"", 999, 1080, 1100, ""jpg"", [3], []]]"
1.00113E+11,ููุดุงุจู ฺฉูฺฉุง,"ุณูุงู.ููุช ุจุฎุฑ.
ููุดุงุจู ฺฉูฺฉุง ุฎุงููุงุฏู 
ููุช ูุตุฑู ฺฉููุฏู ฒนตฐฐ
ุจุงุชุฎูู ฒณตฐฐูุฒุงุฑุชููุงู.","[[""464796f2765d9e38090ba276ad73ef50513b7ea3_1705092718"", 999, 512, 512, ""jpg"", [3], []]]"
1.00113E+11,ูพูฺฉฺฉ ูุงูุงุชุงูพ ุดูุงุฑู 02,"ฺฉุดูุฑ ูุจุฏุง ุจุฑูุฏ : ุงุฑุงู
ุดูุงุฑู ุฑูฺฏ : 02
ุดูุงุฑู ูุฌูุฒ : ฒฑ/ฑถตฐด
ุชุฑฺฉุจุงุช : ุจุฏูู ูพุงุฑุงุจู
ุณุงุฒฺฏุงุฑ ุจุง ูพูุณุชโูุง : ุงููุงุน ูพูุณุช
ุฌููู ุฑูฺฏ : ูุงุช
ุตุงุฏุฑ ฺฉููุฏู ูุฌูุฒ : ุณุงุฒูุงู ุบุฐุง ู ุฏุงุฑู
ูฺฺฏโูุง : ุขุจุฑุณุงู
ููุงุณุจ ุจุฑุง ุฑูฺฏ ูพูุณุช : ุฑูุดู
ุญุฌู : ฑณ ููโูุชุฑ
ูุงูุฏฺฏุงุฑ : ฑฒ ุณุงุนุชู","[[""9124d14f1bf0ebc3824801c06dcbc3f537083eed_1692199209"", 999, 2500, 2500, ""jpg"", [3], []], [""4c1c16f32cb1d7c41b02169b3cc2b4e6610bf15b_1692199268"", 999, 2500, 2500, ""jpg"", [3], []]]"
1.00113E+11,ุนุณู ุจฺฉุฑฺฉูู ุจุฒนฐฐฺฏุฑู ,"ุนุณู ุจฺฉุฑ ฺฉูู ุจุฒ ( 100% ุงูุฑฺฏุงูฺฉ )
ฺฉูุชุฑ ุงุฒ 2 ุฏุฑุตุฏ ุณุงฺฉุงุฑูุฒ ุ ููุงุณุจ ุจูุงุฑุงู ุฏุงุจุช
ููุจุน ูุชุงูู ู ุงููุงุน ููุงุฏ ูุนุฏู ููุฑุฏ ูุงุฒ ุจุฏู
ููุฌูุฏ ุฏุฑ ุฏู ูุฒู 500 ู 900 ฺฏุฑู
ฺฉ ุงุฒ ุงุฑุฒุดููุฏ ุชุฑู ุนุณู ูุง ููุฌูุฏ ุฏุฑ ฺฉุดูุฑ ( ุงุฑุฒุด ุบุฐุง ุจุณุงุฑ ุจุงูุง )","[[""63e2ea7c754199b616f4e02642d2925926be8849_1666866316"", 999, 800, 800, ""png"", [3], []]]"
1.00114E+11,ุขฺุงุฑ ุจฺฉุณ ุดุงุฑฺ ุตูุนุช ุจุงุณ ูุฏู LIFE_STYLE ฺฉุฏ 118VF Brushless ูุฏู 1643," ุจฺฉุณ ุดุงุฑฺ ุณููพุฑ ุตูุนุช ุญุฑูู ุง ุจุงุณ
โ ููุชูุฑ ุจุฒุฑฺฏ 
โ ฺฏุฑุจฺฉุณ ฺูุงุฑ ุฏูุฑ
โ ุฏุฑุงู ฑ/ฒ
โ ฺฏุฑุจฺฉุณ ุจุณุงุฑ ูู
โ ุฌูุช ฺฉุงุฑูุง ุตูุนุช ู ุฏุงุฆู
โ ุฏู ุนุฏุฏ ุจุงุชุฑ ฑฑธ ููุช (ต ุขููพุฑ)
โ ฐ-ณฐฐฐ ุฏูุฑ ุจุฑ ุฏููู
โููุชูุฑ ุจุฑุงุด ูุณ Brushless
โ ฺฏุดุชุงูุฑ ถฐฐ ููุชู ุจุฑ ูุชุฑ  ูุฏุฑุช ููู ุงูุนุงุฏู 
โ ูุฏุฑุชููุฏ ุชุฑู ุจฺฉุณ ุดุงุฑฺ ุจุงุฒุงุฑ
โ ูุดุงูฺฏุฑ ูุฒุงู ุดุงุฑฺ ุจุงุชุฑ
โ ุชูุธู ุนููฺฉุฑุฏูุง ุจุง ุฏฺฉูู ูุง ููุณ
โ ุดุงุฑฺุฑ ูุณุช ุดุงุฑฺ
โ ููุชูุฑ ุณูฺฏู ู ุชูุงู ูุณ
โ ุณู ฺฉุงุฑู  ุจฺฉุณ ุดุงุฑฺุ ุฏุฑู ูพฺ ฺฏูุดุช ุดุงุฑฺุ ูพฺ ฺฉูู
โ ฺฉู ุญูู BMC
 ุงุนุชุจุงุฑ ุชุง ุงุชูุงู ููุฌูุฏ
๐จ ูุฏู HD 1643
ุงุฑุณุงู ุงุฒ ุชูุฑุงู ุจู ุชูุงู ููุงุท ฺฉุดูุฑ
ููุช ุชุนุฏุงุฏุ ุชูุงุณ","[[""f030bef3909fd5291dd10e87bf3fd053a5266579_1693845261"", 999, 1280, 1280, ""jpg"", [3], []], [""b6ecbc3a058c59230097e9849b4f0cadbad6f799_1693845263"", 999, 767, 883, ""jpg"", [3], []], [""e3ed8c3cd498471454ab051fc8eb8b5cded3f451_1693845265"", 999, 850, 891, ""jpg"", [3], []], [""30ce53837deb77b935aa58105ec073f8980bf3ec_1693845268"", 999, 1280, 960, ""jpg"", [3], []], [""1cd3bad40927a001937cdd73b1e5c8716258d700_1693845269"", 999, 816, 842, ""jpg"", [3], []], [""486bb4b110e2bb227dbac6ebfe7f0929f28cfada_1693845271"", 999, 868, 853, ""jpg"", [3], []], [""b3d340fc3b902bc0802c630eea975a644bb19906_1693845275"", 999, 1280, 960, ""jpg"", [3], []]]"
1.00114E+11,ูุฑุต ูุงุดู ุธุฑูุดู ููุด ูุฏู Quantum Hepsi 1 Arada ุจุณุชู 15 ุนุฏุฏ,"ูฺฉู ุจุฑุฺุฑุจ ุฒุฏุงุุจุฑุงู ฺฉููุฏูุุชูุฒฺฉููุฏู

ุจุฏูู ุฑุงุญู

ูุญุงุธ ููุชุฑ ู ุธุฑูู
ูุงุฑุฏ ฺฉููุฏู ูุณุชูู ุงุฒ ุชุฑฺฉู","[[""e56375cf450bc59268e7d5b946bf525d480fb913_1688719469"", 999, 300, 300, ""jpg"", [3], []]]"
10011357276,ุดูุฑุช ฺฉุจุฑุช ,"ุดูุฑุช ฺฉุจุฑุช ุจุบู ุฏุงูุชู
cotton
ุฏุฑ ุณู ุณุงุฒ:xl    xxl    xxxl","[[""37530caf2c2b7623ebda66f6a38912061e331f1e_1705272036"", 999, 1280, 1280, ""jpg"", [3], []]]"
1.00114E+11,ฺฏูุด ููุจุงูู ูพูฺฉู ูุฏู X6 Pro 5G ุธุฑูุช 512 ฺฏฺฏุงุจุงุช ุฑู 12 ฺฏฺฏุงุจุงุช,"ูู ุขฺฉุจูุฏ

ุงุฑุณุงู ุจู ุณุฑุงุณุฑ ุงุฑุงู ","[[""ec4c70e88571791388c6c7a14b49f6755935c1a6_1725385985"", 999, 400, 400, ""png"", [3], []]]"
1.00114E+11,ุตูุฏู ุงููพุฑุงุทูุฑ,"ุชููุฏ ฺฉููุฏู ุงููุงุน ุชุฌูุฒุงุช ุงุฏุงุฑ
ูู ุณุช ุงุฏุงุฑ/ฺฉุชุงุจุฎุงูู/ูุฒ ูุฏุฑุช ู ฺฉููุฑุงูุณ/ฺฉุงูุชุฑ
ุจุง ุทุฑุญ ู ุฑูฺฏ ุฏูุฎูุงู ูุดุชุฑ
ฺฉูุช ุชุจูุบ ฺฉุงุฑ ูุงุณุช
","[[""12717f426ce7364e70cd43576944294814e40be7_1672648116"", 999, 540, 960, ""jpg"", [3], []]]"
1.00114E+11,ฺฏุฑุฏูุจูุฏ ุงุณุชู ฺฉุฏ ฑนทน,"ุจู ููุฑุงู ุฌุนุจู ูุฏู
ุทุฑุญ ุทูุง
ุขูุงฺ ุขุจฺฉุงุฑ ุดุฏู ุจุง ุขุจ ุทูุง
ฺฉูุช ุนุงู
ุฑูฺฏ ุซุงุจุช
ุถุฏ ุญุณุงุณุช","[[""fffe9df35f60771382dcd77cf941d7d25c4319ca_1680162851"", 999, 1200, 1200, ""jpg"", [3], []], [""660fd1d84acd61b9aa777ff5975acefd6f03b780_1680162852"", 999, 1200, 1200, ""jpg"", [3], []]]"
1.00114E+11,ุณุช ููุฏ ู ุดููุงุฑ ูุฑุฏุงูู ADIDAS ูุฏู 3069๐ง๐ป,"๐ ูพุฑุฏุงุฎุช ุฏุฑ ูุญูุ๐ฆฺฏุงุฑุงูุช ุชุนูุถ
๐ฺฉูุงู ุฏุงุฑ
๐ุฌูุณ ุฏูุฑ
๐ุฑูฺฏ ูุดฺฉ
โญููฺฏู ฺฏูุฏูุฒ
๐ุฌุจ ุดููุงุฑ ุฏู ุนุฏุฏ
๐ุณุงุฒุจูุฏ (L ุXL)
๐ทูุฏ ููุฏ: 70cm ูุงุฑุฌ/ 73cm ุงฺฉุณ ูุงุฑุฌ
๐ถุฏูุฑ ุณูู: 96cm ูุงุฑุฌ/ 100cm ุงฺฉุณ ูุงุฑุฌ
๐ทุทูู ุขุณุชู: 58cm ูุงุฑุฌ/ 59cm ุงฺฉุณ ูุงุฑุฌ
๐ถูุฏ ุดููุงุฑ: 101cm ูุงุฑุฌ/ 102cm ุงฺฉุณ ูุงุฑุฌ
๐ทูุงู ุดููุงุฑ: 28cm ูุงุฑุฌ/ 30cm ุงฺฉุณ ูุงุฑุฌ
๐ุฌูุช ุณูุงุฑุด ุงู ูุญุตููุ ุนุฏุฏ ูุฏู ูุญุตูู ุฑู ููุท ู ููุท ูพุงูฺฉ ฺฉูุฏุ ููฺฉุงุฑุงู ูุง ุจุฑุง ุซุจุช ุณูุงุฑุด ุจุง ุดูุง ุชูุงุณ ุฎูุงููุฏ ฺฏุฑูุช","[[""0846e051505db0c0d11f2acff9c8f6686079be3b_1675686326"", 999, 1080, 1080, ""jpg"", [3], []], [""0d777b30c25d1917a720dc3a3ae0391bb8ccaa14_1675686326"", 999, 1080, 1080, ""jpg"", [3], []]]"
1.00114E+11,ุชููฺฉ ุชููุชโฺฉููุฏู ุฑุดุฏ ูู ุณุฑ ุญุงู ูุงูุชูุฏฺฉุณุชุฑู ูุฏูุฑุง 200 ููโูุชุฑ ,". ุฏุฑ ุงู ููุน ูุญุตููุงุช ุชุฑฺฉุจุงุช ูุคุซุฑ ุจุฑุง ุชููุช ูููฺฉููยญโูุง ู ุชุญุฑฺฉ ุฑุดู ูู ูุฌูุฏ ุฏุงุฑุฏ ฺฉู ุฏุฑ ูพุดฺฏุฑ ุงุฒ ุฑุฒุดุ ุฑุดุฏ ุจูุชุฑ ู ุฑูุด ูุฌุฏุฏ ูู ูุคุซุฑ ุงุณุช. ุชููฺฉ ุชููุชยญ ฺฉููุฏู ูู ุณุฑ ูุฏูุฑุง ุงุฒ ุฌููู ูุญุตููุงุช ุจุณุงุฑ ููุซุฑ ุฏุฑ ุงู ุฒููู ุจู ุดูุงุฑ ูโยญุฑูุฏ. ุนุตุงุฑู ุฑุฒูุงุฑุ ููุชููุ ฺฉุงูุฆู ู ูุชุงูู B5 ุงุฒ ุฌููู ููุงุฏ ูุคุซุฑ ุงู ูุญุตูู ูุณุชูุฏ ฺฉู ุจุงุนุซ ุงูุฒุงุด ุฎููยญุฑุณุงู ุฏุฑ ูุชุฌู ุจูุจูุฏ ุชุบุฐู ู ุงฺฉุณฺู ยญุฑุณุงู ุจู ุฑุดู ูู ุดุฏู ู ุจู ุชุจุฏู ยญุดุฏู ูููุง ูุงุฒฺฉ ู ฺฉุฑฺฉ ุจู ูููุง ุถุฎู ฺฉูฺฉ ูยญโฺฉููุฏ. ุนูุงูู ุจุฑ ุงูุ ุฑุฒูุงุฑ ุญุงู ุงูฺฏุง 6ุ ุงููุงุน ุขูุช ยญุงฺฉุณุฏุงู ู ุณุงุฑ ููุงุฏ ูุบุฐ ุงุณุช ฺฉู ุจุฑุง ุณูุงูุช ู ุชุบุฐู ูู ููุฏ ูุณุชูุฏ. ุฎูุงุต ุงู ฺฏุงู ุฏุฑ ุชููุช ูู ุจุณุงุฑ ฺุดูฺฏุฑ ุงุณุช. ุงู ฺฏุงู ูุนุฑูู ุฏุงุฑูุ ูุญุฑฺฉ ุฑุดู ูู ุจูุฏู ู ุนูุงูู ุจุฑ ุชููุช ูยญโุชูุงูุฏ ุฑุดู ููยญูุง ุงุฒ ุฏุณุชยญ ุฑูุชู ุฑุง ูุฒ ุชุญุฑฺฉ ู ุจุงุนุซ ุฑูุด ูุฌุฏุฏ ูู ุดูุฏ. ูุชุงูู C ูุฒ ุงุฒ ุฏฺฏุฑ ุชุฑฺฉุจุงุช ุงู ุชููฺฉ ุงุณุช. ุงุฒ ุขูุฌุง ฺฉู ฺฉูุจูุฏ ุขูู ฺฉ ุงุฒ ูููยญุชุฑู ุนูุงูู ุฑุฒุด ูู ุงุณุชุ ูุฌูุฏ ุงู ูุชุงูู ุฏุฑ ุงุทุฑุงู ุฑุดู ูู ุจู ุงูุฒุงุด ุฌุฐุจ ุขูู ฺฉูฺฉ ฺฉุฑุฏู ู ุงุฒ ุงู ุทุฑู ุงุฒ ุฑุฒุด ูู ุฌููฺฏุฑ ูยญโฺฉูุฏ.

 ","[[""00bcd335beaa8c07d32f4e429f9a6ba593d6ef50_1717517898"", 999, 180, 180, ""jpg"", [3], []], [""db73be2e187ba87c8f7b981490de1eff89e8c785_1717517970"", 999, 180, 180, ""jpg"", [3], []], [""430905a8c6704ec77b7648f5efdff0520b00fe56_1717517978"", 999, 180, 180, ""jpg"", [3], []]]"
10011368076,ฺฉุช ฺฉูุงุฌ ูพฺู 405 ุฒุงูุชุง 1800/ L4(ุฏุณฺฉ VALEO) ุจุฑูุฏMCO PLUSูุฑูุด ุชฺฉ ูุนูุฏู,"โ๏ธ ุถูุงูุช ุจุงุฒฺฏุดุช ูุฌู
โ๏ธ ุชุถูู ููุช
โ๏ธ ุงุฑุณุงู ุณุฑุน ุงูู ู ูุทูุฆู
โ๏ธ ูพุดุชุจุงู ุนุงู
โ๏ธ ุงุตุงูุช ฺฉุงูุง
โ๏ธ ฺฏุงุฑุงูุช ุงุตู ุงูฺฉู
ฺฉุช ฺฉูุงุฌ ูพฺู 405 ุฒุงูุชุง 1800/ L4(ุฏุณฺฉ VALEO) ุจุฑูุฏMCO PLUS
","[[""60871bf04f019c5828c7aa805b6eb20afaec195e_1709803267"", 999, 800, 800, ""jpg"", [3], []]]"
1.00114E+11,ูุงูุชู ุทุฑุญ ููุฏ,"ูุงูุชู ฺฉุงููุง ุณุจฺฉ ู ุดฺฉ
ููุงุณุจ ุฎุงููู ูุง ุดฺฉ ู ุดฺฉูพูุด","[[""4e54d0d686a21085e656a3c206f8aec036504eb3_1722889705"", 999, 1080, 2340, ""jpg"", [3], []]]"
1.00114E+11,ููุชูุฑ ุชฺฉ ุจูุฒู ท.ต ุงุณุจ ุจุงุณ,"โญ ููุชูุฑ ุชฺฉ ุจูุฒู ท.ต ุงุณุจ ุจุงุณ

โ ท.ต ุงุณุจ
โ ุทุฑุญ ูููุฏุง
โ ููุชูุฑ ด ุฒูุงูู
โ ุญุฌู ูุฎุฒู ด ูุชุฑ
โ ูุฒู ฑต ฺฉููฺฏุฑู
โ ุงุจุนุงุฏ ณตฐรณฑฐรณถฐ
โ ููุง ุฎูฺฉ
โ ุตุฏุง ฺฉู
โ ุญูู ุขุณุงู
โ ุณูุณูุฑ ูุดุฏุงุฑ ุฑูุบู
โ ููุงุณุจ ุฌูุช ููุชูุฑ ุจุฑูุ ุณููพุงุดุ ุนูู ุฒูุ ฺฉููุชูุงุชูุฑุ ฺฉููพฺฉุชูุฑุ ุจุชูุฑุ ฺฉุงุฑูุงุดุ ฺฉุดุงูุฑุฒุ ูุงู ูุง ฺฉูฺฺฉ ู ...
๐จ ูุฏู Gx210

ุงุฑุณุงู ุจู ุชูุงู ููุงุท ฺฉุดูุฑ ","[[""68b6499be09eedf2516ce9de5be0381f35b16f8c_1703351859"", 999, 800, 800, ""jpg"", [3], []], [""41b11f338e1003a7a146606f64b92067f0d32463_1703351861"", 999, 1280, 960, ""jpg"", [3], []], [""fde1bf1a85f308ee4b36cf730ed8fd07ded598ec_1703351866"", 999, 1280, 960, ""jpg"", [3], []], [""c48c3b4b9aeff1fe35187c79758b38c77e015544_1703351869"", 999, 1280, 960, ""jpg"", [3], []], [""86afd5d53c5c821160d5d1c87b0bc4c0e7bde9cb_1703351872"", 999, 1280, 960, ""jpg"", [3], []]]"
1.00114E+11,ุตูุฏู ุงุฏุงุฑ  ุงุฑุงุฒ,"*ูุฒ ู ุตูุฏู ู ฺฉุชุงุจุฎุงูู ู ูุงู...
*ุงููุงุน ููุณุช ูุง ฺูุจ ุจุง ุจูุชุฑู ฺฉูุช
*ุงููุงุน ูุฒูุง ฺฉููุฑุงูุณ
*ุงููุงุน ฺฉูุฏ ูุง ููุฒ

ุฏุฑ ุงุจุนุงุฏ ู ุทุฑุญ ูุง ูุฎุชูู ุทุจู ุณููู ูุดุชุฑ

ุงูฺฉุงู ุจุงุฒุฏุฏ ุงุฒ ูุฑ ุฏู ุดุนุจู ูุง
ุงูฺฉุงู ุจุงุฒุฏุฏ ุงุฒ ฺฉุงุฑุฎุงูู
ูุฑูุด ููุฏ ู ุงูุณุงุท

","[[""5befe78cc7a7cd554183e1f3677dcba5eaf0e34b_1671633016"", 999, 810, 1080, ""jpg"", [3], []]]"
1.00114E+11,ููุงุฑู ุจูฺฉู ูุฏู BS-PO131,"ููุงุฑู ุจูฺฉู ูุฏู BS-PO131
ุชูุงู ุฏูุฑ","[[""923e28b0e09f6a4e730e57eb584d99b6f8d1d13e_1712779193"", 999, 1856, 3055, ""jpg"", [3], []]]"
10011392446,ฺฉุฑุงูพ  ุฒูุงูู ,"โ๏ธ ฺฉุฑุงูพ ฺุงูพ ุฏุฎุชุฑ 
โ๏ธ ุนุฑุถ ฺฉุฑุงูพ ตฐ
โ๏ธ ุจููุฏ ฺฉุฑุงูพ ตณ 

","[[""f0a167b1d2f89d94510443ccdfb3724968191975_1701159058"", 999, 3072, 3072, ""jpg"", [3], []]]"
